"Data Source","World Development Indicators",

"Last Updated Date","2017-08-02",

"Country Name","Country Code","Indicator Name","Indicator Code","1960","1961","1962","1963","1964","1965","1966","1967","1968","1969","1970","1971","1972","1973","1974","1975","1976","1977","1978","1979","1980","1981","1982","1983","1984","1985","1986","1987","1988","1989","1990","1991","1992","1993","1994","1995","1996","1997","1998","1999","2000","2001","2002","2003","2004","2005","2006","2007","2008","2009","2010","2011","2012","2013","2014","2015","2016",
"Aruba","ABW","Total tax rate (% of commercial profits)","IC.TAX.TOTL.CP.ZS","","","","","","","","","","","","","","","","","","","","","","","","","","","","","","","","","","","","","","","","","","","","","","","","","","","","","","","","","",
"Afghanistan","AFG","Total tax rate (% of commercial profits)","IC.TAX.TOTL.CP.ZS","","","","","","","","","","","","","","","","","","","","","","","","","","","","","","","","","","","","","","","","","","","","","","36.8","36.8","36.8","36.8","36.8","36.8","36.8","36.8","35.8","36.5","36.5","48.3",
"Angola","AGO","Total tax rate (% of commercial profits)","IC.TAX.TOTL.CP.ZS","","","","","","","","","","","","","","","","","","","","","","","","","","","","","","","","","","","","","","","","","","","","","","52.2","52.2","52.2","52.2","52.2","52.2","52.3","52.3","52","52.6","49","48",
"Albania","ALB","Total tax rate (% of commercial profits)","IC.TAX.TOTL.CP.ZS","","","","","","","","","","","","","","","","","","","","","","","","","","","","","","","","","","","","","","","","","","","","","","58.2","56.5","51.3","49.6","43.6","40.3","38.3","38.5","31.5","31.4","36.5","36.5",
"Andorra","AND","Total tax rate (% of commercial profits)","IC.TAX.TOTL.CP.ZS","","","","","","","","","","","","","","","","","","","","","","","","","","","","","","","","","","","","","","","","","","","","","","","","","","","","","","","","","",
"Arab World","ARB","Total tax rate (% of commercial profits)","IC.TAX.TOTL.CP.ZS","","","","","","","","","","","","","","","","","","","","","","","","","","","","","","","","","","","","","","","","","","","","","","58.7333333333333","49.3333333333333","45.56","44.555","44.405","43.505","41.885","42.2380952380952","42.3142857142857","42.8952380952381","42.9142857142857","42.4809523809524",
"United Arab Emirates","ARE","Total tax rate (% of commercial profits)","IC.TAX.TOTL.CP.ZS","","","","","","","","","","","","","","","","","","","","","","","","","","","","","","","","","","","","","","","","","","","","","","14.4","14.4","14.4","14.4","14.1","14.1","14.1","14.9","14.8","14.8","15.9","15.9",
"Argentina","ARG","Total tax rate (% of commercial profits)","IC.TAX.TOTL.CP.ZS","","","","","","","","","","","","","","","","","","","","","","","","","","","","","","","","","","","","","","","","","","","","","","107.3","107.3","107.3","107.3","107.3","107.4","107.4","107.5","119.4","137.4","137.6","106",
"Armenia","ARM","Total tax rate (% of commercial profits)","IC.TAX.TOTL.CP.ZS","","","","","","","","","","","","","","","","","","","","","","","","","","","","","","","","","","","","","","","","","","","","","","36.6","36.6","38.9","38.6","38.6","38.6","38.8","38.8","35.9","20.1","20","18.5",
"American Samoa","ASM","Total tax rate (% of commercial profits)","IC.TAX.TOTL.CP.ZS","","","","","","","","","","","","","","","","","","","","","","","","","","","","","","","","","","","","","","","","","","","","","","","","","","","","","","","","","",
"Antigua and Barbuda","ATG","Total tax rate (% of commercial profits)","IC.TAX.TOTL.CP.ZS","","","","","","","","","","","","","","","","","","","","","","","","","","","","","","","","","","","","","","","","","","","","","","51.5","47.6","46.2","46.2","41","41","41","41","40.9","41.6","41.9","41.9",
"Australia","AUS","Total tax rate (% of commercial profits)","IC.TAX.TOTL.CP.ZS","","","","","","","","","","","","","","","","","","","","","","","","","","","","","","","","","","","","","","","","","","","","","","52.1","51.1","50.1","50","47.8","47.6","47.3","47.2","47.3","47.4","47.6","47.6",
"Austria","AUT","Total tax rate (% of commercial profits)","IC.TAX.TOTL.CP.ZS","","","","","","","","","","","","","","","","","","","","","","","","","","","","","","","","","","","","","","","","","","","","","","57.2","51.1","51.1","51.1","51.6","51.3","50.8","52.3","51.9","51.7","51.7","51.6",
"Azerbaijan","AZE","Total tax rate (% of commercial profits)","IC.TAX.TOTL.CP.ZS","","","","","","","","","","","","","","","","","","","","","","","","","","","","","","","","","","","","","","","","","","","","","","46.4","42.2","40.9","40.9","40.9","40.9","40","40","39.8","39.8","39.8","39.8",
"Burundi","BDI","Total tax rate (% of commercial profits)","IC.TAX.TOTL.CP.ZS","","","","","","","","","","","","","","","","","","","","","","","","","","","","","","","","","","","","","","","","","","","","","","280.2","280.2","280.2","280.2","280.2","154.9","46.5","46.5","45.2","40.3","40.3","40.3",
"Belgium","BEL","Total tax rate (% of commercial profits)","IC.TAX.TOTL.CP.ZS","","","","","","","","","","","","","","","","","","","","","","","","","","","","","","","","","","","","","","","","","","","","","","60.1","59.9","57.9","55.9","55.2","57.3","57.7","58.2","58","58.4","58.4","58.7",
"Benin","BEN","Total tax rate (% of commercial profits)","IC.TAX.TOTL.CP.ZS","","","","","","","","","","","","","","","","","","","","","","","","","","","","","","","","","","","","","","","","","","","","","","72.1","72.1","72.1","72.1","68.4","62.7","62.7","62.7","63.3","57.3","57.4","57.4",
"Burkina Faso","BFA","Total tax rate (% of commercial profits)","IC.TAX.TOTL.CP.ZS","","","","","","","","","","","","","","","","","","","","","","","","","","","","","","","","","","","","","","","","","","","","","","47.6","47.6","47.6","44.5","44.5","44.8","42.7","42.7","41.3","41.3","41.3","41.3",
"Bangladesh","BGD","Total tax rate (% of commercial profits)","IC.TAX.TOTL.CP.ZS","","","","","","","","","","","","","","","","","","","","","","","","","","","","","","","","","","","","","","","","","","","","","","38.8","38.8","40.8","39.9","38.8","38.8","38.8","38.8","32.5","35.4","34.4","34.4",
"Bulgaria","BGR","Total tax rate (% of commercial profits)","IC.TAX.TOTL.CP.ZS","","","","","","","","","","","","","","","","","","","","","","","","","","","","","","","","","","","","","","","","","","","","","","45.2","41.6","35.8","33.9","30.4","28","27.2","27.8","27","27","27","27",
"Bahrain","BHR","Total tax rate (% of commercial profits)","IC.TAX.TOTL.CP.ZS","","","","","","","","","","","","","","","","","","","","","","","","","","","","","","","","","","","","","","","","","","","","","","","","14.7","14.7","14.7","13.5","13.5","13.5","13.5","13.5","13.5","13.5",
"Bahamas, The","BHS","Total tax rate (% of commercial profits)","IC.TAX.TOTL.CP.ZS","","","","","","","","","","","","","","","","","","","","","","","","","","","","","","","","","","","","","","","","","","","","","","","","42.9","42.9","42.9","42.9","44.6","44.6","48.5","41.1","33.8","33.8",
"Bosnia and Herzegovina","BIH","Total tax rate (% of commercial profits)","IC.TAX.TOTL.CP.ZS","","","","","","","","","","","","","","","","","","","","","","","","","","","","","","","","","","","","","","","","","","","","","","42.8","42.7","42.8","42.8","25.9","22.2","23.6","23.6","22.2","23.3","23.3","22.6",
"Belarus","BLR","Total tax rate (% of commercial profits)","IC.TAX.TOTL.CP.ZS","","","","","","","","","","","","","","","","","","","","","","","","","","","","","","","","","","","","","","","","","","","","","","137.2","137.2","120.8","117.4","99.9","80.8","63","59.2","52","52.4","54","54.8",
"Belize","BLZ","Total tax rate (% of commercial profits)","IC.TAX.TOTL.CP.ZS","","","","","","","","","","","","","","","","","","","","","","","","","","","","","","","","","","","","","","","","","","","","","","34.7","34.8","34.8","33.2","33.2","33.2","33.2","33.2","31.1","31.1","31.1","31.1",
"Bermuda","BMU","Total tax rate (% of commercial profits)","IC.TAX.TOTL.CP.ZS","","","","","","","","","","","","","","","","","","","","","","","","","","","","","","","","","","","","","","","","","","","","","","","","","","","","","","","","","",
"Bolivia","BOL","Total tax rate (% of commercial profits)","IC.TAX.TOTL.CP.ZS","","","","","","","","","","","","","","","","","","","","","","","","","","","","","","","","","","","","","","","","","","","","","","80","80","80","80","80","80","80","83.4","83.7","83.7","83.7","83.7",
"Brazil","BRA","Total tax rate (% of commercial profits)","IC.TAX.TOTL.CP.ZS","","","","","","","","","","","","","","","","","","","","","","","","","","","","","","","","","","","","","","","","","","","","","","69.2","69.2","69.2","68.5","65.7","66.8","66.8","68.6","69.2","69.2","68.1","68.4",
"Barbados","BRB","Total tax rate (% of commercial profits)","IC.TAX.TOTL.CP.ZS","","","","","","","","","","","","","","","","","","","","","","","","","","","","","","","","","","","","","","","","","","","","","","","","","","","","35","34.7","34.6","34.6","34.7","34.7",
"Brunei Darussalam","BRN","Total tax rate (% of commercial profits)","IC.TAX.TOTL.CP.ZS","","","","","","","","","","","","","","","","","","","","","","","","","","","","","","","","","","","","","","","","","","","","","","","37.4","37.4","37.4","30.1","15.7","16.7","15.4","15.8","15.8","8.7","8.7",
"Bhutan","BTN","Total tax rate (% of commercial profits)","IC.TAX.TOTL.CP.ZS","","","","","","","","","","","","","","","","","","","","","","","","","","","","","","","","","","","","","","","","","","","","","","37.3","37.3","37.3","37.3","37.3","37.3","37.3","37.3","35.3","35.3","35.3","35.3",
"Botswana","BWA","Total tax rate (% of commercial profits)","IC.TAX.TOTL.CP.ZS","","","","","","","","","","","","","","","","","","","","","","","","","","","","","","","","","","","","","","","","","","","","","","17.1","17.1","17.1","17.1","17","19.5","19.5","25.4","25.3","25.1","25.1","25.1",
"Central African Republic","CAF","Total tax rate (% of commercial profits)","IC.TAX.TOTL.CP.ZS","","","","","","","","","","","","","","","","","","","","","","","","","","","","","","","","","","","","","","","","","","","","","","65.7","203.8","203.8","203.8","203.8","203.8","54.6","67.4","73.3","73.3","73.3","73.3",
"Canada","CAN","Total tax rate (% of commercial profits)","IC.TAX.TOTL.CP.ZS","","","","","","","","","","","","","","","","","","","","","","","","","","","","","","","","","","","","","","","","","","","","","","47.5","45","44.3","44.1","42.3","22","20.7","20.1","19.9","21.1","21.1","21",
"Central Europe and the Baltics","CEB","Total tax rate (% of commercial profits)","IC.TAX.TOTL.CP.ZS","","","","","","","","","","","","","","","","","","","","","","","","","","","","","","","","","","","","","","","","","","","","","","45.8090909090909","44.0545454545455","42.9181818181818","42.6","41.9363636363636","41.2454545454546","41.3727272727273","41.9181818181818","39.7454545454546","39.7","39.8818181818182","39.3727272727273",
"Switzerland","CHE","Total tax rate (% of commercial profits)","IC.TAX.TOTL.CP.ZS","","","","","","","","","","","","","","","","","","","","","","","","","","","","","","","","","","","","","","","","","","","","","","28.8","27.6","27.9","27.8","28.7","28.8","28.9","29.4","28.4","28.8","28.8","28.8",
"Channel Islands","CHI","Total tax rate (% of commercial profits)","IC.TAX.TOTL.CP.ZS","","","","","","","","","","","","","","","","","","","","","","","","","","","","","","","","","","","","","","","","","","","","","","","","","","","","","","","","","",
"Chile","CHL","Total tax rate (% of commercial profits)","IC.TAX.TOTL.CP.ZS","","","","","","","","","","","","","","","","","","","","","","","","","","","","","","","","","","","","","","","","","","","","","","25.3","25.1","25.1","25.1","24.8","24.5","24.5","27.7","27.7","27.9","28.9","30.5",
"China","CHN","Total tax rate (% of commercial profits)","IC.TAX.TOTL.CP.ZS","","","","","","","","","","","","","","","","","","","","","","","","","","","","","","","","","","","","","","","","","","","","","","82.8","83.6","84","82.7","81.4","66.3","66.4","67.6","68.7","68.5","67.8","68",
"Cote d'Ivoire","CIV","Total tax rate (% of commercial profits)","IC.TAX.TOTL.CP.ZS","","","","","","","","","","","","","","","","","","","","","","","","","","","","","","","","","","","","","","","","","","","","","","53.4","53.4","50.6","50.6","50.4","50.2","50.1","44.4","52.5","51.9","51.9","51.3",
"Cameroon","CMR","Total tax rate (% of commercial profits)","IC.TAX.TOTL.CP.ZS","","","","","","","","","","","","","","","","","","","","","","","","","","","","","","","","","","","","","","","","","","","","","","50.6","50.8","50.8","50.4","48.8","48.8","48.8","48.8","48.8","48.8","48.8","57.7",
"Congo, Dem. Rep.","COD","Total tax rate (% of commercial profits)","IC.TAX.TOTL.CP.ZS","","","","","","","","","","","","","","","","","","","","","","","","","","","","","","","","","","","","","","","","","","","","","","288.1","288.1","288.1","263.3","292.7","339.1","339.1","339.1","55.7","54.7","54.6","54.6",
"Congo, Rep.","COG","Total tax rate (% of commercial profits)","IC.TAX.TOTL.CP.ZS","","","","","","","","","","","","","","","","","","","","","","","","","","","","","","","","","","","","","","","","","","","","","","64.5","64.5","64.5","64.5","64.5","64.5","63.1","64.5","55.8","55","56","54.3",
"Colombia","COL","Total tax rate (% of commercial profits)","IC.TAX.TOTL.CP.ZS","","","","","","","","","","","","","","","","","","","","","","","","","","","","","","","","","","","","","","","","","","","","","","83.7","84","84.2","80.1","80.3","80.3","76.4","76","76.1","77.3","69.7","69.8",
"Comoros","COM","Total tax rate (% of commercial profits)","IC.TAX.TOTL.CP.ZS","","","","","","","","","","","","","","","","","","","","","","","","","","","","","","","","","","","","","","","","","","","","","","217.9","217.9","217.9","217.9","217.9","217.9","217.9","217.9","216.5","216.5","216.5","216.5",
"Cabo Verde","CPV","Total tax rate (% of commercial profits)","IC.TAX.TOTL.CP.ZS","","","","","","","","","","","","","","","","","","","","","","","","","","","","","","","","","","","","","","","","","","","","","","53.1","53.1","53.1","53.1","49.7","37.5","37.9","37.2","36.5","36.5","36.5","36.6",
"Costa Rica","CRI","Total tax rate (% of commercial profits)","IC.TAX.TOTL.CP.ZS","","","","","","","","","","","","","","","","","","","","","","","","","","","","","","","","","","","","","","","","","","","","","","58.1","58.1","58.1","58.1","58.1","58.4","58.3","58.6","58","58.2","58.2","58.3",
"Caribbean small states","CSS","Total tax rate (% of commercial profits)","IC.TAX.TOTL.CP.ZS","","","","","","","","","","","","","","","","","","","","","","","","","","","","","","","","","","","","","","","","","","","","","","41.4090909090909","40.9090909090909","40.625","40.4","39.85","39.175","38.7076923076923","38.6538461538462","38.4769230769231","37.4615384615385","36.5538461538462","36.3384615384615",
"Cuba","CUB","Total tax rate (% of commercial profits)","IC.TAX.TOTL.CP.ZS","","","","","","","","","","","","","","","","","","","","","","","","","","","","","","","","","","","","","","","","","","","","","","","","","","","","","","","","","",
"Curacao","CUW","Total tax rate (% of commercial profits)","IC.TAX.TOTL.CP.ZS","","","","","","","","","","","","","","","","","","","","","","","","","","","","","","","","","","","","","","","","","","","","","","","","","","","","","","","","","",
"Cayman Islands","CYM","Total tax rate (% of commercial profits)","IC.TAX.TOTL.CP.ZS","","","","","","","","","","","","","","","","","","","","","","","","","","","","","","","","","","","","","","","","","","","","","","","","","","","","","","","","","",
"Cyprus","CYP","Total tax rate (% of commercial profits)","IC.TAX.TOTL.CP.ZS","","","","","","","","","","","","","","","","","","","","","","","","","","","","","","","","","","","","","","","","","","","","","","","","","20.6","20.6","22.3","22","22.2","22.5","23.1","24.5","24.7",
"Czech Republic","CZE","Total tax rate (% of commercial profits)","IC.TAX.TOTL.CP.ZS","","","","","","","","","","","","","","","","","","","","","","","","","","","","","","","","","","","","","","","","","","","","","","55.1","54.1","53.1","53.1","51.1","50","50","50","50","50.4","50.4","50",
"Germany","DEU","Total tax rate (% of commercial profits)","IC.TAX.TOTL.CP.ZS","","","","","","","","","","","","","","","","","","","","","","","","","","","","","","","","","","","","","","","","","","","","","","47.7","47.4","49","49.4","43.9","47","45.6","45.9","49.1","48.8","48.8","48.9",
"Djibouti","DJI","Total tax rate (% of commercial profits)","IC.TAX.TOTL.CP.ZS","","","","","","","","","","","","","","","","","","","","","","","","","","","","","","","","","","","","","","","","","","","","","","37.8","37.8","37.8","37.8","37.8","38.1","38.1","38.1","37.6","37.6","37.6","37.6",
"Dominica","DMA","Total tax rate (% of commercial profits)","IC.TAX.TOTL.CP.ZS","","","","","","","","","","","","","","","","","","","","","","","","","","","","","","","","","","","","","","","","","","","","","","37","37","37","37","37","37","37.1","37.1","37","37","37","35.2",
"Denmark","DNK","Total tax rate (% of commercial profits)","IC.TAX.TOTL.CP.ZS","","","","","","","","","","","","","","","","","","","","","","","","","","","","","","","","","","","","","","","","","","","","","","33.3","31.5","32","29.2","28.2","28.1","26.4","27","26.3","26","24.5","25",
"Dominican Republic","DOM","Total tax rate (% of commercial profits)","IC.TAX.TOTL.CP.ZS","","","","","","","","","","","","","","","","","","","","","","","","","","","","","","","","","","","","","","","","","","","","","","35.5","35.8","39.5","35.2","38.4","40.1","41.2","43.4","43.5","43.5","43.5","42.4",
"Algeria","DZA","Total tax rate (% of commercial profits)","IC.TAX.TOTL.CP.ZS","","","","","","","","","","","","","","","","","","","","","","","","","","","","","","","","","","","","","","","","","","","","","","76.9","76.9","74.2","74.4","73","73","73","72.8","72.7","72.7","72.7","65.6",
"East Asia & Pacific (excluding high income)","EAP","Total tax rate (% of commercial profits)","IC.TAX.TOTL.CP.ZS","","","","","","","","","","","","","","","","","","","","","","","","","","","","","","","","","","","","","","","","","","","","","","39.1473684210526","39.2157894736842","39.2631578947368","37.7210526315789","35.8210526315789","34.2894736842105","34.9105263157895","34.925","34.265","34.375","34.205","34.37",
"Early-demographic dividend","EAR","Total tax rate (% of commercial profits)","IC.TAX.TOTL.CP.ZS","","","","","","","","","","","","","","","","","","","","","","","","","","","","","","","","","","","","","","","","","","","","","","44.401724137931","41.6862068965517","40.6898305084746","40.364406779661","39.7050847457627","39.2694915254237","38.9508474576271","39.4147540983607","39.0819672131147","38.6081967213115","38.6754098360656","37.6360655737705",
"East Asia & Pacific","EAS","Total tax rate (% of commercial profits)","IC.TAX.TOTL.CP.ZS","","","","","","","","","","","","","","","","","","","","","","","","","","","","","","","","","","","","","","","","","","","","","","39.9296296296296","39.6392857142857","39.7285714285714","38.9642857142857","37.1464285714286","35.2714285714286","35.6535714285714","35.4793103448276","35.0448275862069","35.1413793103448","34.7931034482759","34.8931034482759",
"Europe & Central Asia (excluding high income)","ECA","Total tax rate (% of commercial profits)","IC.TAX.TOTL.CP.ZS","","","","","","","","","","","","","","","","","","","","","","","","","","","","","","","","","","","","","","","","","","","","","","55.7105263157895","52.955","48.335","47.795","42.7952380952381","39.752380952381","38.7142857142857","38.7190476190476","37.1380952380952","34.2571428571429","34.7619047619048","33.6809523809524",
"Europe & Central Asia","ECS","Total tax rate (% of commercial profits)","IC.TAX.TOTL.CP.ZS","","","","","","","","","","","","","","","","","","","","","","","","","","","","","","","","","","","","","","","","","","","","","","51.0886363636364","48.7173913043478","46.5152173913044","45.3468085106383","42.8208333333333","41.44375","40.6354166666667","40.8224489795918","40.065306122449","38.9551020408163","38.8","38.0897959183674",
"Ecuador","ECU","Total tax rate (% of commercial profits)","IC.TAX.TOTL.CP.ZS","","","","","","","","","","","","","","","","","","","","","","","","","","","","","","","","","","","","","","","","","","","","","","35.2","35.2","35.2","34.8","34.8","35.2","34.4","34.4","33.7","32.8","32.8","32.5",
"Egypt, Arab Rep.","EGY","Total tax rate (% of commercial profits)","IC.TAX.TOTL.CP.ZS","","","","","","","","","","","","","","","","","","","","","","","","","","","","","","","","","","","","","","","","","","","","","","54.4","46.4","45.1","44","43","43.1","44.2","43.2","40.6","44.8","45","43.5",
"Euro area","EMU","Total tax rate (% of commercial profits)","IC.TAX.TOTL.CP.ZS","","","","","","","","","","","","","","","","","","","","","","","","","","","","","","","","","","","","","","","","","","","","","","50.98125","47.8352941176471","47.3823529411765","44.9333333333333","44.2222222222222","44.2833333333333","43.2736842105263","43.8473684210526","43.8473684210526","44.4315789473684","43.6368421052632","43.5368421052632",
"Eritrea","ERI","Total tax rate (% of commercial profits)","IC.TAX.TOTL.CP.ZS","","","","","","","","","","","","","","","","","","","","","","","","","","","","","","","","","","","","","","","","","","","","","","84.5","84.5","84.5","84.5","84.5","84.5","84.5","84.5","83.7","83.7","83.7","83.7",
"Spain","ESP","Total tax rate (% of commercial profits)","IC.TAX.TOTL.CP.ZS","","","","","","","","","","","","","","","","","","","","","","","","","","","","","","","","","","","","","","","","","","","","","","60.4","60.5","60.7","58.8","55.8","55.5","37.9","37.9","57.1","58.2","50","49",
"Estonia","EST","Total tax rate (% of commercial profits)","IC.TAX.TOTL.CP.ZS","","","","","","","","","","","","","","","","","","","","","","","","","","","","","","","","","","","","","","","","","","","","","","50.6","49.4","48.7","48.1","48.4","48.8","57.8","66.8","49.7","49.4","49.4","48.7",
"Ethiopia","ETH","Total tax rate (% of commercial profits)","IC.TAX.TOTL.CP.ZS","","","","","","","","","","","","","","","","","","","","","","","","","","","","","","","","","","","","","","","","","","","","","","30.3","30.3","30.3","30.3","30.3","30.3","30.3","34.4","31.6","36.6","37.8","38.6",
"European Union","EUU","Total tax rate (% of commercial profits)","IC.TAX.TOTL.CP.ZS","","","","","","","","","","","","","","","","","","","","","","","","","","","","","","","","","","","","","","","","","","","","","","48.58","46.0384615384615","45.3807692307692","43.737037037037","42.9481481481481","42.6703703703704","41.8214285714286","42.1285714285714","41.9678571428571","42.1392857142857","41.5285714285714","41.2642857142857",
"Fragile and conflict affected situations","FCS","Total tax rate (% of commercial profits)","IC.TAX.TOTL.CP.ZS","","","","","","","","","","","","","","","","","","","","","","","","","","","","","","","","","","","","","","","","","","","","","","90.4241379310345","87.97","87.2066666666667","86.5933333333333","84.6774193548387","81.6612903225806","65.2741935483871","62.5676470588235","54.3470588235294","47.7294117647059","47.8352941176471","48.0941176470588",
"Finland","FIN","Total tax rate (% of commercial profits)","IC.TAX.TOTL.CP.ZS","","","","","","","","","","","","","","","","","","","","","","","","","","","","","","","","","","","","","","","","","","","","","","49.5","47.7","47.8","47.8","47.7","40.8","39.1","40.6","39.9","40.1","37.9","38.1",
"Fiji","FJI","Total tax rate (% of commercial profits)","IC.TAX.TOTL.CP.ZS","","","","","","","","","","","","","","","","","","","","","","","","","","","","","","","","","","","","","","","","","","","","","","41.5","41.5","41.5","41.5","41.2","39.3","38.3","37.6","31.1","31.1","31.1","33.1",
"France","FRA","Total tax rate (% of commercial profits)","IC.TAX.TOTL.CP.ZS","","","","","","","","","","","","","","","","","","","","","","","","","","","","","","","","","","","","","","","","","","","","","","66","66.6","66.6","66.1","65.8","65.8","65.7","67.5","67.4","69","62.8","62.8",
"Faroe Islands","FRO","Total tax rate (% of commercial profits)","IC.TAX.TOTL.CP.ZS","","","","","","","","","","","","","","","","","","","","","","","","","","","","","","","","","","","","","","","","","","","","","","","","","","","","","","","","","",
"Micronesia, Fed. Sts.","FSM","Total tax rate (% of commercial profits)","IC.TAX.TOTL.CP.ZS","","","","","","","","","","","","","","","","","","","","","","","","","","","","","","","","","","","","","","","","","","","","","","59.6","59.6","58.7","58.7","58.7","58.7","59","59.9","60","60.5","60.5","60.5",
"Gabon","GAB","Total tax rate (% of commercial profits)","IC.TAX.TOTL.CP.ZS","","","","","","","","","","","","","","","","","","","","","","","","","","","","","","","","","","","","","","","","","","","","","","44.6","44.2","44.2","44.2","44.2","43","43","43","43.2","40.1","45.2","45.2",
"United Kingdom","GBR","Total tax rate (% of commercial profits)","IC.TAX.TOTL.CP.ZS","","","","","","","","","","","","","","","","","","","","","","","","","","","","","","","","","","","","","","","","","","","","","","34.7","34.6","34.6","34.2","34.9","36.1","36.2","35","34.7","33.5","32","30.9",
"Georgia","GEO","Total tax rate (% of commercial profits)","IC.TAX.TOTL.CP.ZS","","","","","","","","","","","","","","","","","","","","","","","","","","","","","","","","","","","","","","","","","","","","","","57","38.6","38.6","38.6","15.3","15.3","16.5","16.5","16.4","16.4","16.4","16.4",
"Ghana","GHA","Total tax rate (% of commercial profits)","IC.TAX.TOTL.CP.ZS","","","","","","","","","","","","","","","","","","","","","","","","","","","","","","","","","","","","","","","","","","","","","","39.1","35.3","32.1","31.9","31.9","31.9","32.9","32.8","32.7","32.7","32.7","32.7",
"Gibraltar","GIB","Total tax rate (% of commercial profits)","IC.TAX.TOTL.CP.ZS","","","","","","","","","","","","","","","","","","","","","","","","","","","","","","","","","","","","","","","","","","","","","","","","","","","","","","","","","",
"Guinea","GIN","Total tax rate (% of commercial profits)","IC.TAX.TOTL.CP.ZS","","","","","","","","","","","","","","","","","","","","","","","","","","","","","","","","","","","","","","","","","","","","","","80.7","80.7","80.7","80.7","80.7","87.8","91.2","91.2","68.3","68.3","68.3","68.3",
"Gambia, The","GMB","Total tax rate (% of commercial profits)","IC.TAX.TOTL.CP.ZS","","","","","","","","","","","","","","","","","","","","","","","","","","","","","","","","","","","","","","","","","","","","","","286","292.1","292.1","292.1","292.1","285.9","277.3","277.1","275.4","60.1","51.3","51.3",
"Guinea-Bissau","GNB","Total tax rate (% of commercial profits)","IC.TAX.TOTL.CP.ZS","","","","","","","","","","","","","","","","","","","","","","","","","","","","","","","","","","","","","","","","","","","","","","54.2","45.9","45.9","45.9","45.9","45.9","45.9","45.9","45.5","45.5","45.5","45.5",
"Equatorial Guinea","GNQ","Total tax rate (% of commercial profits)","IC.TAX.TOTL.CP.ZS","","","","","","","","","","","","","","","","","","","","","","","","","","","","","","","","","","","","","","","","","","","","","","47.1","47.1","47.1","47.1","47.1","47.1","47.1","47.1","47.1","47.1","47.1","79.4",
"Greece","GRC","Total tax rate (% of commercial profits)","IC.TAX.TOTL.CP.ZS","","","","","","","","","","","","","","","","","","","","","","","","","","","","","","","","","","","","","","","","","","","","","","54","49.5","48.9","46.7","46.7","46.7","45.9","44.1","44","50.7","49.6","50.7",
"Grenada","GRD","Total tax rate (% of commercial profits)","IC.TAX.TOTL.CP.ZS","","","","","","","","","","","","","","","","","","","","","","","","","","","","","","","","","","","","","","","","","","","","","","45.3","45.3","45.3","45.3","45.3","45.3","45.3","45.3","45.3","45.3","45.3","45.3",
"Greenland","GRL","Total tax rate (% of commercial profits)","IC.TAX.TOTL.CP.ZS","","","","","","","","","","","","","","","","","","","","","","","","","","","","","","","","","","","","","","","","","","","","","","","","","","","","","","","","","",
"Guatemala","GTM","Total tax rate (% of commercial profits)","IC.TAX.TOTL.CP.ZS","","","","","","","","","","","","","","","","","","","","","","","","","","","","","","","","","","","","","","","","","","","","","","41.1","41.1","41.1","40.9","40.9","40.9","40.9","40.9","40.9","39.9","37.5","35.2",
"Guam","GUM","Total tax rate (% of commercial profits)","IC.TAX.TOTL.CP.ZS","","","","","","","","","","","","","","","","","","","","","","","","","","","","","","","","","","","","","","","","","","","","","","","","","","","","","","","","","",
"Guyana","GUY","Total tax rate (% of commercial profits)","IC.TAX.TOTL.CP.ZS","","","","","","","","","","","","","","","","","","","","","","","","","","","","","","","","","","","","","","","","","","","","","","39","39","39","39","38.8","35.9","35.9","35.9","32","32.3","32.3","32.3",
"High income","HIC","Total tax rate (% of commercial profits)","IC.TAX.TOTL.CP.ZS","","","","","","","","","","","","","","","","","","","","","","","","","","","","","","","","","","","","","","","","","","","","","","43.7723404255319","42.3489795918367","40.9173076923077","39.8264150943396","38.9433962264151","38.0358490566038","37.4127272727273","37.2607142857143","37.3125","37.6517857142857","37.1696428571429","36.9785714285714",
"Hong Kong SAR, China","HKG","Total tax rate (% of commercial profits)","IC.TAX.TOTL.CP.ZS","","","","","","","","","","","","","","","","","","","","","","","","","","","","","","","","","","","","","","","","","","","","","","24.1","24.1","24.1","24.1","23","23","23","23","22.6","22.8","22.8","22.9",
"Honduras","HND","Total tax rate (% of commercial profits)","IC.TAX.TOTL.CP.ZS","","","","","","","","","","","","","","","","","","","","","","","","","","","","","","","","","","","","","","","","","","","","","","43.5","43.5","43.5","43.5","43.5","43.5","43.1","39.5","42.6","41.8","44.3","44.4",
"Heavily indebted poor countries (HIPC)","HPC","Total tax rate (% of commercial profits)","IC.TAX.TOTL.CP.ZS","","","","","","","","","","","","","","","","","","","","","","","","","","","","","","","","","","","","","","","","","","","","","","81.2081081081081","83.2157894736842","82.05","81.0078947368421","81.4184210526316","78.3526315789474","65.9289473684211","65.8421052631579","57.7789473684211","51.7763157894737","52.1263157894737","52.6026315789474",
"Croatia","HRV","Total tax rate (% of commercial profits)","IC.TAX.TOTL.CP.ZS","","","","","","","","","","","","","","","","","","","","","","","","","","","","","","","","","","","","","","","","","","","","","","20.8","20.8","20.8","20.8","20.8","21.5","21.3","21.2","19.3","18.4","20","20.9",
"Haiti","HTI","Total tax rate (% of commercial profits)","IC.TAX.TOTL.CP.ZS","","","","","","","","","","","","","","","","","","","","","","","","","","","","","","","","","","","","","","","","","","","","","","40.4","40.4","40.4","40.4","40.4","40.4","40.4","40.4","40.3","40.3","40.3","40.3",
"Hungary","HUN","Total tax rate (% of commercial profits)","IC.TAX.TOTL.CP.ZS","","","","","","","","","","","","","","","","","","","","","","","","","","","","","","","","","","","","","","","","","","","","","","56.6","55.7","55.3","56.6","56.6","54.6","52","49.8","49.3","48","48.4","46.5",
"IBRD only","IBD","Total tax rate (% of commercial profits)","IC.TAX.TOTL.CP.ZS","","","","","","","","","","","","","","","","","","","","","","","","","","","","","","","","","","","","","","","","","","","","","","48.8723076923077","47.8045454545454","47.0363636363636","45.9712121212121","44.4439393939394","43.7090909090909","43.5636363636364","42.5805970149254","42.0402985074627","42.1955223880597","42.0477611940298","41.8179104477612",
"IDA & IBRD total","IBT","Total tax rate (% of commercial profits)","IC.TAX.TOTL.CP.ZS","","","","","","","","","","","","","","","","","","","","","","","","","","","","","","","","","","","","","","","","","","","","","","56.7731343283582","55.9198529411765","54.9551470588235","53.9705882352942","52.6197080291971","51.1569343065693","47.5810218978102","46.9014285714286","44.2685714285714","42.3842857142857","42.4014285714286","42.2864285714286",
"IDA total","IDA","Total tax rate (% of commercial profits)","IC.TAX.TOTL.CP.ZS","","","","","","","","","","","","","","","","","","","","","","","","","","","","","","","","","","","","","","","","","","","","","","64.2159420289855","63.5714285714286","62.4214285714286","61.5128571428572","60.2197183098592","58.0802816901409","51.3154929577465","50.8671232876712","46.313698630137","42.5575342465753","42.7260273972603","42.7164383561644",
"IDA blend","IDB","Total tax rate (% of commercial profits)","IC.TAX.TOTL.CP.ZS","","","","","","","","","","","","","","","","","","","","","","","","","","","","","","","","","","","","","","","","","","","","","","47.68125","48.30625","47.90625","46.60625","42.225","41.3375","41.50625","41.35","39.98125","36.7","36.86875","37.1625",
"Indonesia","IDN","Total tax rate (% of commercial profits)","IC.TAX.TOTL.CP.ZS","","","","","","","","","","","","","","","","","","","","","","","","","","","","","","","","","","","","","","","","","","","","","","31.3","31.3","31.3","31.1","31.8","28.7","28.7","28.7","31.4","31.4","29.7","30.6",
"IDA only","IDX","Total tax rate (% of commercial profits)","IC.TAX.TOTL.CP.ZS","","","","","","","","","","","","","","","","","","","","","","","","","","","","","","","","","","","","","","","","","","","","","","69.2075471698113","68.0944444444445","66.7222222222222","65.9296296296296","65.4545454545455","62.9509090909091","54.1690909090909","53.5385964912281","48.0912280701754","44.2017543859649","44.3701754385965","44.2754385964912",
"Isle of Man","IMN","Total tax rate (% of commercial profits)","IC.TAX.TOTL.CP.ZS","","","","","","","","","","","","","","","","","","","","","","","","","","","","","","","","","","","","","","","","","","","","","","","","","","","","","","","","","",
"India","IND","Total tax rate (% of commercial profits)","IC.TAX.TOTL.CP.ZS","","","","","","","","","","","","","","","","","","","","","","","","","","","","","","","","","","","","","","","","","","","","","","66.6","74","72.7","70.3","66","64.7","62.6","62.5","60.8","60.6","60.6","60.6",
"Not classified","INX","Total tax rate (% of commercial profits)","IC.TAX.TOTL.CP.ZS","","","","","","","","","","","","","","","","","","","","","","","","","","","","","","","","","","","","","","","","","","","","","","","","","","","","","","","","","",
"Ireland","IRL","Total tax rate (% of commercial profits)","IC.TAX.TOTL.CP.ZS","","","","","","","","","","","","","","","","","","","","","","","","","","","","","","","","","","","","","","","","","","","","","","25.4","25.4","25.4","25.5","25.6","25.8","25.5","25.6","25.8","26","26","26",
"Iran, Islamic Rep.","IRN","Total tax rate (% of commercial profits)","IC.TAX.TOTL.CP.ZS","","","","","","","","","","","","","","","","","","","","","","","","","","","","","","","","","","","","","","","","","","","","","","44.2","44.2","44.2","44.2","44.2","44.1","44.1","44.1","44.1","44.1","44.1","44.1",
"Iraq","IRQ","Total tax rate (% of commercial profits)","IC.TAX.TOTL.CP.ZS","","","","","","","","","","","","","","","","","","","","","","","","","","","","","","","","","","","","","","","","","","","","","","24.2","27.8","27.8","27.8","27.8","27.8","27.8","27.8","27.8","27.8","27.8","27.8",
"Iceland","ISL","Total tax rate (% of commercial profits)","IC.TAX.TOTL.CP.ZS","","","","","","","","","","","","","","","","","","","","","","","","","","","","","","","","","","","","","","","","","","","","","","26.8","26.8","26.3","26.1","24.4","26.4","30.3","31.1","29.8","30.3","30.1","30.1",
"Israel","ISR","Total tax rate (% of commercial profits)","IC.TAX.TOTL.CP.ZS","","","","","","","","","","","","","","","","","","","","","","","","","","","","","","","","","","","","","","","","","","","","","","35.5","34.8","32","30.1","28.3","27.5","26.8","25.6","28.9","26.7","27.9","28.1",
"Italy","ITA","Total tax rate (% of commercial profits)","IC.TAX.TOTL.CP.ZS","","","","","","","","","","","","","","","","","","","","","","","","","","","","","","","","","","","","","","","","","","","","","","76.7","75.3","75.3","72.5","67.6","67.6","67.6","67.6","65.6","65.2","64.8","62",
"Jamaica","JAM","Total tax rate (% of commercial profits)","IC.TAX.TOTL.CP.ZS","","","","","","","","","","","","","","","","","","","","","","","","","","","","","","","","","","","","","","","","","","","","","","47.9","47.9","47.9","47.9","47.9","46.7","46.6","46.6","46.5","41.1","35.3","34.3",
"Jordan","JOR","Total tax rate (% of commercial profits)","IC.TAX.TOTL.CP.ZS","","","","","","","","","","","","","","","","","","","","","","","","","","","","","","","","","","","","","","","","","","","","","","31.1","31.1","31.1","31.1","31.1","31.2","28.2","28.6","29.1","29","29.5","27.6",
"Japan","JPN","Total tax rate (% of commercial profits)","IC.TAX.TOTL.CP.ZS","","","","","","","","","","","","","","","","","","","","","","","","","","","","","","","","","","","","","","","","","","","","","","51.7","51.7","51.7","54.7","55","47.7","47.7","48.5","49.8","50.4","50.4","48.9",
"Kazakhstan","KAZ","Total tax rate (% of commercial profits)","IC.TAX.TOTL.CP.ZS","","","","","","","","","","","","","","","","","","","","","","","","","","","","","","","","","","","","","","","","","","","","","","45","45","41.9","42","36.2","29.8","29","29","28.9","28.9","29.2","29.2",
"Kenya","KEN","Total tax rate (% of commercial profits)","IC.TAX.TOTL.CP.ZS","","","","","","","","","","","","","","","","","","","","","","","","","","","","","","","","","","","","","","","","","","","","","","49.8","49.8","49.3","49.3","49.3","49.3","48.9","43.7","37.4","37.1","37.1","37.4",
"Kyrgyz Republic","KGZ","Total tax rate (% of commercial profits)","IC.TAX.TOTL.CP.ZS","","","","","","","","","","","","","","","","","","","","","","","","","","","","","","","","","","","","","","","","","","","","","","68.3","67.4","40.3","40.3","40.2","30.6","33.4","33.4","29","29","29","29",
"Cambodia","KHM","Total tax rate (% of commercial profits)","IC.TAX.TOTL.CP.ZS","","","","","","","","","","","","","","","","","","","","","","","","","","","","","","","","","","","","","","","","","","","","","","21.5","21.5","21.5","21.5","22.6","22.6","22.6","22.6","21","21","21","21",
"Kiribati","KIR","Total tax rate (% of commercial profits)","IC.TAX.TOTL.CP.ZS","","","","","","","","","","","","","","","","","","","","","","","","","","","","","","","","","","","","","","","","","","","","","","31.8","31.8","31.8","31.8","31.8","31.8","31.8","31.8","32.7","32.7","32.7","32.7",
"St. Kitts and Nevis","KNA","Total tax rate (% of commercial profits)","IC.TAX.TOTL.CP.ZS","","","","","","","","","","","","","","","","","","","","","","","","","","","","","","","","","","","","","","","","","","","","","","52.3","52.3","52.5","52.5","52.5","52.5","52.5","51.9","51.6","49.7","49.7","49.7",
"Korea, Rep.","KOR","Total tax rate (% of commercial profits)","IC.TAX.TOTL.CP.ZS","","","","","","","","","","","","","","","","","","","","","","","","","","","","","","","","","","","","","","","","","","","","","","36.8","32.5","31.6","33.9","32.3","30.2","34.1","34","33.3","33.2","33.2","33.1",
"Kuwait","KWT","Total tax rate (% of commercial profits)","IC.TAX.TOTL.CP.ZS","","","","","","","","","","","","","","","","","","","","","","","","","","","","","","","","","","","","","","","","","","","","","","10.7","10.7","10.7","10.7","10.7","10.7","10.7","12.4","12.4","12.8","13","13",
"Latin America & Caribbean (excluding high income)","LAC","Total tax rate (% of commercial profits)","IC.TAX.TOTL.CP.ZS","","","","","","","","","","","","","","","","","","","","","","","","","","","","","","","","","","","","","","","","","","","","","","49.92","49.376","49.288","48.752","48.856","48.368","48.744","48.656","49.068","49.476","48.956","47.408",
"Lao PDR","LAO","Total tax rate (% of commercial profits)","IC.TAX.TOTL.CP.ZS","","","","","","","","","","","","","","","","","","","","","","","","","","","","","","","","","","","","","","","","","","","","","","35.2","35.2","35.2","33.5","31.4","31.4","31.4","31.4","26.3","25.8","25.3","26.2",
"Lebanon","LBN","Total tax rate (% of commercial profits)","IC.TAX.TOTL.CP.ZS","","","","","","","","","","","","","","","","","","","","","","","","","","","","","","","","","","","","","","","","","","","","","","35.4","35.4","35.4","30.6","30.6","30.6","30.6","30.6","30","30.3","30.3","30.3",
"Liberia","LBR","Total tax rate (% of commercial profits)","IC.TAX.TOTL.CP.ZS","","","","","","","","","","","","","","","","","","","","","","","","","","","","","","","","","","","","","","","","","","","","","","","42.5","42.2","42.5","42.5","42.5","42.5","25.3","28.6","31.4","45.6","45.9",
"Libya","LBY","Total tax rate (% of commercial profits)","IC.TAX.TOTL.CP.ZS","","","","","","","","","","","","","","","","","","","","","","","","","","","","","","","","","","","","","","","","","","","","","","","","","","","","","32.4","32.8","32.6","32.6","32.6",
"St. Lucia","LCA","Total tax rate (% of commercial profits)","IC.TAX.TOTL.CP.ZS","","","","","","","","","","","","","","","","","","","","","","","","","","","","","","","","","","","","","","","","","","","","","","35.7","34","34","34","34.4","34","34.4","34.6","34.7","34.7","34.7","34.7",
"Latin America & Caribbean","LCN","Total tax rate (% of commercial profits)","IC.TAX.TOTL.CP.ZS","","","","","","","","","","","","","","","","","","","","","","","","","","","","","","","","","","","","","","","","","","","","","","49.8451612903226","49.2741935483871","48.8375","47.66875","47.54375","47.20625","47.0363636363636","46.6545454545455","47.0575757575758","47.6242424242424","47.0515151515151","45.8212121212121",
"Least developed countries: UN classification","LDC","Total tax rate (% of commercial profits)","IC.TAX.TOTL.CP.ZS","","","","","","","","","","","","","","","","","","","","","","","","","","","","","","","","","","","","","","","","","","","","","","75.2","73.7720930232558","72.8372093023256","71.4953488372093","71.3093023255814","68.6627906976744","57.3348837209302","56.2577777777778","49.1888888888889","44.2822222222222","44.3466666666667","44.56",
"Low income","LIC","Total tax rate (% of commercial profits)","IC.TAX.TOTL.CP.ZS","","","","","","","","","","","","","","","","","","","","","","","","","","","","","","","","","","","","","","","","","","","","","","89.8962962962963","92.8178571428572","92.0964285714286","91.6821428571429","91.2035714285714","88.2678571428572","71.2392857142857","69.7413793103449","59.0034482758621","51.1379310344827","51.3655172413793","51.7379310344828",
"Liechtenstein","LIE","Total tax rate (% of commercial profits)","IC.TAX.TOTL.CP.ZS","","","","","","","","","","","","","","","","","","","","","","","","","","","","","","","","","","","","","","","","","","","","","","","","","","","","","","","","","",
"Sri Lanka","LKA","Total tax rate (% of commercial profits)","IC.TAX.TOTL.CP.ZS","","","","","","","","","","","","","","","","","","","","","","","","","","","","","","","","","","","","","","","","","","","","","","56.7","59.8","61.7","61.7","61.7","96.6","112.9","55.3","57","55.4","55.2","55.2",
"Lower middle income","LMC","Total tax rate (% of commercial profits)","IC.TAX.TOTL.CP.ZS","","","","","","","","","","","","","","","","","","","","","","","","","","","","","","","","","","","","","","","","","","","","","","49.7843137254902","46.4294117647059","45.2980392156863","44.1862745098039","42.5384615384615","41.6692307692308","41.7403846153846","40.5641509433962","40.1377358490566","38.9679245283019","38.8075471698113","38.4849056603774",
"Low & middle income","LMY","Total tax rate (% of commercial profits)","IC.TAX.TOTL.CP.ZS","","","","","","","","","","","","","","","","","","","","","","","","","","","","","","","","","","","","","","","","","","","","","","57.1873015873016","56.271875","55.27734375","54.440625","53.0953488372093","51.577519379845","47.784496124031","47.1893939393939","44.3992424242424","42.3666666666667","42.3575757575758","42.2159090909091",
"Lesotho","LSO","Total tax rate (% of commercial profits)","IC.TAX.TOTL.CP.ZS","","","","","","","","","","","","","","","","","","","","","","","","","","","","","","","","","","","","","","","","","","","","","","20.1","20.1","15.9","14.2","14.2","14.2","14","13.8","13.6","13.6","13.6","13.6",
"Late-demographic dividend","LTE","Total tax rate (% of commercial profits)","IC.TAX.TOTL.CP.ZS","","","","","","","","","","","","","","","","","","","","","","","","","","","","","","","","","","","","","","","","","","","","","","44.9906976744186","43.6","42.0021276595745","40.4166666666667","38.6979166666667","38.0395833333333","38.38125","37.1395833333333","36.2625","36.3833333333333","35.9708333333333","35.8979166666667",
"Lithuania","LTU","Total tax rate (% of commercial profits)","IC.TAX.TOTL.CP.ZS","","","","","","","","","","","","","","","","","","","","","","","","","","","","","","","","","","","","","","","","","","","","","","51.2","47.6","46.2","45.6","43.6","45.1","43.1","43","42.9","42.4","42.6","42.7",
"Luxembourg","LUX","Total tax rate (% of commercial profits)","IC.TAX.TOTL.CP.ZS","","","","","","","","","","","","","","","","","","","","","","","","","","","","","","","","","","","","","","","","","","","","","","","20.4","20","20","20","20","19.8","20","20.4","20.6","20.6","20.8",
"Latvia","LVA","Total tax rate (% of commercial profits)","IC.TAX.TOTL.CP.ZS","","","","","","","","","","","","","","","","","","","","","","","","","","","","","","","","","","","","","","","","","","","","","","36.2","36.2","36.2","36.6","37.5","37.5","37","35.8","35","35","35.9","35.9",
"Macao SAR, China","MAC","Total tax rate (% of commercial profits)","IC.TAX.TOTL.CP.ZS","","","","","","","","","","","","","","","","","","","","","","","","","","","","","","","","","","","","","","","","","","","","","","","","","","","","","","","","","",
"St. Martin (French part)","MAF","Total tax rate (% of commercial profits)","IC.TAX.TOTL.CP.ZS","","","","","","","","","","","","","","","","","","","","","","","","","","","","","","","","","","","","","","","","","","","","","","","","","","","","","","","","","",
"Morocco","MAR","Total tax rate (% of commercial profits)","IC.TAX.TOTL.CP.ZS","","","","","","","","","","","","","","","","","","","","","","","","","","","","","","","","","","","","","","","","","","","","","","51.7","51.7","52.9","52.9","49.4","49.7","49.7","49.7","48.8","49","49.1","49.3",
"Monaco","MCO","Total tax rate (% of commercial profits)","IC.TAX.TOTL.CP.ZS","","","","","","","","","","","","","","","","","","","","","","","","","","","","","","","","","","","","","","","","","","","","","","","","","","","","","","","","","",
"Moldova","MDA","Total tax rate (% of commercial profits)","IC.TAX.TOTL.CP.ZS","","","","","","","","","","","","","","","","","","","","","","","","","","","","","","","","","","","","","","","","","","","","","","47.5","45.5","42.5","42","31","30.4","30.8","30.8","39.7","39.4","39.9","40.4",
"Madagascar","MDG","Total tax rate (% of commercial profits)","IC.TAX.TOTL.CP.ZS","","","","","","","","","","","","","","","","","","","","","","","","","","","","","","","","","","","","","","","","","","","","","","45.3","45","45","47.1","42.8","42","41.2","39.8","38.9","38.1","38.1","38.1",
"Maldives","MDV","Total tax rate (% of commercial profits)","IC.TAX.TOTL.CP.ZS","","","","","","","","","","","","","","","","","","","","","","","","","","","","","","","","","","","","","","","","","","","","","","9.3","9.3","9.3","9.3","9.3","9.3","9.3","25.9","30.2","30.2","30.2","30.2",
"Middle East & North Africa","MEA","Total tax rate (% of commercial profits)","IC.TAX.TOTL.CP.ZS","","","","","","","","","","","","","","","","","","","","","","","","","","","","","","","","","","","","","","","","","","","","","","45.5647058823529","36.3705882352941","33.6157894736842","32.9263157894737","32.6736842105263","32.6052631578947","31.39","32.1857142857143","32.1619047619048","32.3761904761905","32.4523809523809","32.1380952380952",
"Mexico","MEX","Total tax rate (% of commercial profits)","IC.TAX.TOTL.CP.ZS","","","","","","","","","","","","","","","","","","","","","","","","","","","","","","","","","","","","","","","","","","","","","","55.7","53.1","52.3","51.5","51","50.5","52.7","52.5","51.7","51.8","51.9","52",
"Marshall Islands","MHL","Total tax rate (% of commercial profits)","IC.TAX.TOTL.CP.ZS","","","","","","","","","","","","","","","","","","","","","","","","","","","","","","","","","","","","","","","","","","","","","","64.8","64.8","64.8","64.8","64.8","64.8","64.8","64.8","64.8","64.8","64.8","64.8",
"Middle income","MIC","Total tax rate (% of commercial profits)","IC.TAX.TOTL.CP.ZS","","","","","","","","","","","","","","","","","","","","","","","","","","","","","","","","","","","","","","","","","","","","","","47.992","45.7891089108911","44.7287128712871","43.7831683168317","42.3176470588235","41.2107843137255","41.0862745098039","40.6509615384616","40.0855769230769","39.6903846153846","39.6307692307692","39.3557692307692",
"Macedonia, FYR","MKD","Total tax rate (% of commercial profits)","IC.TAX.TOTL.CP.ZS","","","","","","","","","","","","","","","","","","","","","","","","","","","","","","","","","","","","","","","","","","","","","","17.8","17.8","17.8","15.4","13","8.1","7.5","7.4","7.4","8.3","13","13",
"Mali","MLI","Total tax rate (% of commercial profits)","IC.TAX.TOTL.CP.ZS","","","","","","","","","","","","","","","","","","","","","","","","","","","","","","","","","","","","","","","","","","","","","","51.4","51.4","51.4","51.4","51.4","51.4","51.1","51.1","48.3","48.3","48.3","48.3",
"Malta","MLT","Total tax rate (% of commercial profits)","IC.TAX.TOTL.CP.ZS","","","","","","","","","","","","","","","","","","","","","","","","","","","","","","","","","","","","","","","","","","","","","","","","","","","","41.4","41.4","41.3","41.5","41.5","43.8",
"Myanmar","MMR","Total tax rate (% of commercial profits)","IC.TAX.TOTL.CP.ZS","","","","","","","","","","","","","","","","","","","","","","","","","","","","","","","","","","","","","","","","","","","","","","","","","","","","","38.8","33.7","33.4","32.4","31.3",
"Middle East & North Africa (excluding high income)","MNA","Total tax rate (% of commercial profits)","IC.TAX.TOTL.CP.ZS","","","","","","","","","","","","","","","","","","","","","","","","","","","","","","","","","","","","","","","","","","","","","","56.6333333333333","43.625","43.2833333333333","42.35","42.1166666666667","42.175","39.4416666666667","40.0076923076923","39.6615384615385","40.1384615384615","40","39.2076923076923",
"Montenegro","MNE","Total tax rate (% of commercial profits)","IC.TAX.TOTL.CP.ZS","","","","","","","","","","","","","","","","","","","","","","","","","","","","","","","","","","","","","","","","","","","","","","","33.2","33.2","33.8","30.1","29.2","24.6","21.8","21.6","21.8","21.8","22.2",
"Mongolia","MNG","Total tax rate (% of commercial profits)","IC.TAX.TOTL.CP.ZS","","","","","","","","","","","","","","","","","","","","","","","","","","","","","","","","","","","","","","","","","","","","","","40","40","40","33.9","24.4","24.7","24.7","24.9","24.5","24.7","24.7","24.7",
"Northern Mariana Islands","MNP","Total tax rate (% of commercial profits)","IC.TAX.TOTL.CP.ZS","","","","","","","","","","","","","","","","","","","","","","","","","","","","","","","","","","","","","","","","","","","","","","","","","","","","","","","","","",
"Mozambique","MOZ","Total tax rate (% of commercial profits)","IC.TAX.TOTL.CP.ZS","","","","","","","","","","","","","","","","","","","","","","","","","","","","","","","","","","","","","","","","","","","","","","37","37","37","37","37","37","37","37","36.1","36.1","36.1","36.1",
"Mauritania","MRT","Total tax rate (% of commercial profits)","IC.TAX.TOTL.CP.ZS","","","","","","","","","","","","","","","","","","","","","","","","","","","","","","","","","","","","","","","","","","","","","","94.7","94.7","94.7","85.8","85.8","68.2","68.2","68.2","65.6","71.3","71.3","71.3",
"Mauritius","MUS","Total tax rate (% of commercial profits)","IC.TAX.TOTL.CP.ZS","","","","","","","","","","","","","","","","","","","","","","","","","","","","","","","","","","","","","","","","","","","","","","26.2","26","24.2","25.8","26","26.5","25.8","26.9","24.5","23.6","21.5","21.8",
"Malawi","MWI","Total tax rate (% of commercial profits)","IC.TAX.TOTL.CP.ZS","","","","","","","","","","","","","","","","","","","","","","","","","","","","","","","","","","","","","","","","","","","","","","33.4","33.4","33","32.2","26.3","25.9","29","32.4","33.5","35.2","34.5","34.5",
"Malaysia","MYS","Total tax rate (% of commercial profits)","IC.TAX.TOTL.CP.ZS","","","","","","","","","","","","","","","","","","","","","","","","","","","","","","","","","","","","","","","","","","","","","","36","36","36","34.5","33.5","33.9","34.1","34.6","39.1","39.3","40","40",
"North America","NAC","Total tax rate (% of commercial profits)","IC.TAX.TOTL.CP.ZS","","","","","","","","","","","","","","","","","","","","","","","","","","","","","","","","","","","","","","","","","","","","","","46.5","46.05","45","45.25","44.15","34.25","33.55","33.25","31.85","32.45","32.5","32.5",
"Namibia","NAM","Total tax rate (% of commercial profits)","IC.TAX.TOTL.CP.ZS","","","","","","","","","","","","","","","","","","","","","","","","","","","","","","","","","","","","","","","","","","","","","","25.8","25.8","25.8","22.8","22.3","22.3","21.8","21.8","21.2","20.7","21.3","20.7",
"New Caledonia","NCL","Total tax rate (% of commercial profits)","IC.TAX.TOTL.CP.ZS","","","","","","","","","","","","","","","","","","","","","","","","","","","","","","","","","","","","","","","","","","","","","","","","","","","","","","","","","",
"Niger","NER","Total tax rate (% of commercial profits)","IC.TAX.TOTL.CP.ZS","","","","","","","","","","","","","","","","","","","","","","","","","","","","","","","","","","","","","","","","","","","","","","42.5","42.5","42.6","42.5","46.7","46.7","44.3","44.3","47.3","47.8","48.2","48.2",
"Nigeria","NGA","Total tax rate (% of commercial profits)","IC.TAX.TOTL.CP.ZS","","","","","","","","","","","","","","","","","","","","","","","","","","","","","","","","","","","","","","","","","","","","","","30.5","31.3","31.3","31.3","31.3","31.3","31.8","32.2","32.4","32.4","33.3","34.3",
"Nicaragua","NIC","Total tax rate (% of commercial profits)","IC.TAX.TOTL.CP.ZS","","","","","","","","","","","","","","","","","","","","","","","","","","","","","","","","","","","","","","","","","","","","","","63.5","63.5","63.5","63.3","63.3","63.3","64.1","62.4","62.4","59.3","60.1","60.8",
"Netherlands","NLD","Total tax rate (% of commercial profits)","IC.TAX.TOTL.CP.ZS","","","","","","","","","","","","","","","","","","","","","","","","","","","","","","","","","","","","","","","","","","","","","","47.7","44.6","41.8","38.2","38.5","39.4","39.6","39.2","39.5","39","41","40.4",
"Norway","NOR","Total tax rate (% of commercial profits)","IC.TAX.TOTL.CP.ZS","","","","","","","","","","","","","","","","","","","","","","","","","","","","","","","","","","","","","","","","","","","","","","41.1","41.1","41.1","40.7","40.7","40.7","40.7","40.7","40.7","40.4","39.5","39.5",
"Nepal","NPL","Total tax rate (% of commercial profits)","IC.TAX.TOTL.CP.ZS","","","","","","","","","","","","","","","","","","","","","","","","","","","","","","","","","","","","","","","","","","","","","","32.5","32.5","32.8","34.1","32.5","31.7","31.5","31.5","29.5","29.5","29.5","29.5",
"Nauru","NRU","Total tax rate (% of commercial profits)","IC.TAX.TOTL.CP.ZS","","","","","","","","","","","","","","","","","","","","","","","","","","","","","","","","","","","","","","","","","","","","","","","","","","","","","","","","","",
"New Zealand","NZL","Total tax rate (% of commercial profits)","IC.TAX.TOTL.CP.ZS","","","","","","","","","","","","","","","","","","","","","","","","","","","","","","","","","","","","","","","","","","","","","","36.6","35.4","35.5","36","33.2","34.7","34.4","34","34.4","34.4","34.3","34.3",
"OECD members","OED","Total tax rate (% of commercial profits)","IC.TAX.TOTL.CP.ZS","","","","","","","","","","","","","","","","","","","","","","","","","","","","","","","","","","","","","","","","","","","","","","46.4117647058823","44.6514285714286","43.9885714285714","43.5857142857143","42.7628571428571","41.7657142857143","41.3485714285714","41.66","41.5514285714286","41.7428571428571","41.2542857142857","41.0542857142857",
"Oman","OMN","Total tax rate (% of commercial profits)","IC.TAX.TOTL.CP.ZS","","","","","","","","","","","","","","","","","","","","","","","","","","","","","","","","","","","","","","","","","","","","","","19.5","20.3","21.6","21.6","21.6","21.6","22","22","23","22.9","23.4","23.9",
"Other small states","OSS","Total tax rate (% of commercial profits)","IC.TAX.TOTL.CP.ZS","","","","","","","","","","","","","","","","","","","","","","","","","","","","","","","","","","","","","","","","","","","","","","59.7105263157895","57.3428571428571","53.2478260869565","51.0166666666667","49.2916666666667","47.4833333333333","46.768","47.3230769230769","46.5038461538462","38.2461538461538","37.7461538461539","38.8846153846154",
"Pakistan","PAK","Total tax rate (% of commercial profits)","IC.TAX.TOTL.CP.ZS","","","","","","","","","","","","","","","","","","","","","","","","","","","","","","","","","","","","","","","","","","","","","","46.7","43.9","43.7","31.6","34.5","33.8","39.1","39.1","32.4","32.6","32.9","33.3",
"Panama","PAN","Total tax rate (% of commercial profits)","IC.TAX.TOTL.CP.ZS","","","","","","","","","","","","","","","","","","","","","","","","","","","","","","","","","","","","","","","","","","","","","","43.9","44.1","44.7","43.8","43.8","43.8","43.6","40.5","37","37.2","37.2","37.2",
"Peru","PER","Total tax rate (% of commercial profits)","IC.TAX.TOTL.CP.ZS","","","","","","","","","","","","","","","","","","","","","","","","","","","","","","","","","","","","","","","","","","","","","","38.9","38.8","38.8","39.1","38.2","38.2","37.6","37.4","36","37.3","37.3","35.6",
"Philippines","PHL","Total tax rate (% of commercial profits)","IC.TAX.TOTL.CP.ZS","","","","","","","","","","","","","","","","","","","","","","","","","","","","","","","","","","","","","","","","","","","","","","47.2","47.6","49.1","47.1","47.1","43.8","44.5","44.5","42.5","42.5","42.9","42.9",
"Palau","PLW","Total tax rate (% of commercial profits)","IC.TAX.TOTL.CP.ZS","","","","","","","","","","","","","","","","","","","","","","","","","","","","","","","","","","","","","","","","","","","","","","72.5","72.5","72.5","72.5","72.5","72.5","72.5","75.2","75","75.4","75.4","75.4",
"Papua New Guinea","PNG","Total tax rate (% of commercial profits)","IC.TAX.TOTL.CP.ZS","","","","","","","","","","","","","","","","","","","","","","","","","","","","","","","","","","","","","","","","","","","","","","41.5","41.5","41.5","41.5","42.1","42.1","42.1","42.1","39.3","39.3","39.3","39.3",
"Poland","POL","Total tax rate (% of commercial profits)","IC.TAX.TOTL.CP.ZS","","","","","","","","","","","","","","","","","","","","","","","","","","","","","","","","","","","","","","","","","","","","","","43.2","43.2","43.4","45.1","42.2","40.6","40.1","40.3","40.1","40.1","40.3","40.4",
"Pre-demographic dividend","PRE","Total tax rate (% of commercial profits)","IC.TAX.TOTL.CP.ZS","","","","","","","","","","","","","","","","","","","","","","","","","","","","","","","","","","","","","","","","","","","","","","83.3441176470589","85.6085714285715","84.4857142857143","82.9171428571429","82.8342857142857","79.9542857142857","66.4314285714286","65.0416666666667","56.5611111111111","50.2","50.3805555555555","51.7472222222222",
"Puerto Rico","PRI","Total tax rate (% of commercial profits)","IC.TAX.TOTL.CP.ZS","","","","","","","","","","","","","","","","","","","","","","","","","","","","","","","","","","","","","","","","","","","","","","57.6","57.6","57.6","60.6","60.6","63.6","63.1","50.4","49.6","66","65.8","62.3",
"Korea, Dem. People’s Rep.","PRK","Total tax rate (% of commercial profits)","IC.TAX.TOTL.CP.ZS","","","","","","","","","","","","","","","","","","","","","","","","","","","","","","","","","","","","","","","","","","","","","","","","","","","","","","","","","",
"Portugal","PRT","Total tax rate (% of commercial profits)","IC.TAX.TOTL.CP.ZS","","","","","","","","","","","","","","","","","","","","","","","","","","","","","","","","","","","","","","","","","","","","","","43.8","43.8","42.9","42.5","42.3","42.6","42.6","41.9","42.3","42.3","40.9","39.8",
"Paraguay","PRY","Total tax rate (% of commercial profits)","IC.TAX.TOTL.CP.ZS","","","","","","","","","","","","","","","","","","","","","","","","","","","","","","","","","","","","","","","","","","","","","","54.5","44.8","35.1","35","35","35","35","35","35","35","35","35",
"West Bank and Gaza","PSE","Total tax rate (% of commercial profits)","IC.TAX.TOTL.CP.ZS","","","","","","","","","","","","","","","","","","","","","","","","","","","","","","","","","","","","","","","","","","","","","","22.5","18.1","16.8","16.5","16.5","16.5","0.4","16.5","16.5","15.3","15.3","15.3",
"Pacific island small states","PSS","Total tax rate (% of commercial profits)","IC.TAX.TOTL.CP.ZS","","","","","","","","","","","","","","","","","","","","","","","","","","","","","","","","","","","","","","","","","","","","","","39.0555555555556","39.0555555555556","38.9555555555556","38.8555555555556","38.6333333333333","38.4777777777778","38.4","38.6222222222222","39.1777777777778","39.2444444444444","39.2444444444444","39.5111111111111",
"Post-demographic dividend","PST","Total tax rate (% of commercial profits)","IC.TAX.TOTL.CP.ZS","","","","","","","","","","","","","","","","","","","","","","","","","","","","","","","","","","","","","","","","","","","","","","49.469696969697","47.3088235294118","46.2411764705882","45.7823529411765","43.75","41.9764705882353","40.6","40.3055555555556","40.3444444444444","40.45","39.9638888888889","39.8555555555555",
"French Polynesia","PYF","Total tax rate (% of commercial profits)","IC.TAX.TOTL.CP.ZS","","","","","","","","","","","","","","","","","","","","","","","","","","","","","","","","","","","","","","","","","","","","","","","","","","","","","","","","","",
"Qatar","QAT","Total tax rate (% of commercial profits)","IC.TAX.TOTL.CP.ZS","","","","","","","","","","","","","","","","","","","","","","","","","","","","","","","","","","","","","","","","","","","","","","","","11.3","11.3","11.3","11.3","11.3","11.3","11.3","11.3","11.3","11.3",
"Romania","ROU","Total tax rate (% of commercial profits)","IC.TAX.TOTL.CP.ZS","","","","","","","","","","","","","","","","","","","","","","","","","","","","","","","","","","","","","","","","","","","","","","55.8","48.2","45.6","45.4","45.5","44","43.5","43.3","43.2","43.2","42","38.4",
"Russian Federation","RUS","Total tax rate (% of commercial profits)","IC.TAX.TOTL.CP.ZS","","","","","","","","","","","","","","","","","","","","","","","","","","","","","","","","","","","","","","","","","","","","","","60","51.2","51.2","48.3","48.3","46.5","46.9","54.1","48.7","48.9","47","47.4",
"Rwanda","RWA","Total tax rate (% of commercial profits)","IC.TAX.TOTL.CP.ZS","","","","","","","","","","","","","","","","","","","","","","","","","","","","","","","","","","","","","","","","","","","","","","41.2","41.2","37.2","37.1","34.7","34.7","34.7","34.5","33","33","33","33",
"South Asia","SAS","Total tax rate (% of commercial profits)","IC.TAX.TOTL.CP.ZS","","","","","","","","","","","","","","","","","","","","","","","","","","","","","","","","","","","","","","","","","","","","","","40.5875","41.55","41.8875","40.125","39.6125","43.625","46.0375","40.9","39.1875","39.4375","39.325","40.85",
"Saudi Arabia","SAU","Total tax rate (% of commercial profits)","IC.TAX.TOTL.CP.ZS","","","","","","","","","","","","","","","","","","","","","","","","","","","","","","","","","","","","","","","","","","","","","","14.9","14.6","14.6","14.6","14.7","14.7","14.7","14.7","14.6","14.6","15","15.7",
"Sudan","SDN","Total tax rate (% of commercial profits)","IC.TAX.TOTL.CP.ZS","","","","","","","","","","","","","","","","","","","","","","","","","","","","","","","","","","","","","","","","","","","","","","49.7","36.1","36.1","36.1","36.1","36.1","36.1","36.1","45.4","45.4","45.4","45.4",
"Senegal","SEN","Total tax rate (% of commercial profits)","IC.TAX.TOTL.CP.ZS","","","","","","","","","","","","","","","","","","","","","","","","","","","","","","","","","","","","","","","","","","","","","","50.3","45.5","45.5","45.5","45.5","45.5","45.5","45.5","45.3","45.1","47.3","45.1",
"Singapore","SGP","Total tax rate (% of commercial profits)","IC.TAX.TOTL.CP.ZS","","","","","","","","","","","","","","","","","","","","","","","","","","","","","","","","","","","","","","","","","","","","","","26.2","22.4","21.8","24.2","24.1","23.4","23.8","18.4","18.6","18","18","19.1",
"Solomon Islands","SLB","Total tax rate (% of commercial profits)","IC.TAX.TOTL.CP.ZS","","","","","","","","","","","","","","","","","","","","","","","","","","","","","","","","","","","","","","","","","","","","","","26.1","26.1","26.1","26.1","26.1","26.2","26.2","25.3","32","32","32","32",
"Sierra Leone","SLE","Total tax rate (% of commercial profits)","IC.TAX.TOTL.CP.ZS","","","","","","","","","","","","","","","","","","","","","","","","","","","","","","","","","","","","","","","","","","","","","","272","272","235.2","235.2","235.2","235.2","32.4","32.4","31","31","31","31",
"El Salvador","SLV","Total tax rate (% of commercial profits)","IC.TAX.TOTL.CP.ZS","","","","","","","","","","","","","","","","","","","","","","","","","","","","","","","","","","","","","","","","","","","","","","34.8","34.8","34.8","34.8","34.8","34.8","34.8","34.8","38.7","38.8","38.8","38.8",
"San Marino","SMR","Total tax rate (% of commercial profits)","IC.TAX.TOTL.CP.ZS","","","","","","","","","","","","","","","","","","","","","","","","","","","","","","","","","","","","","","","","","","","","","","","","","","","","","40.1","40.1","40.1","40.5","35.4",
"Somalia","SOM","Total tax rate (% of commercial profits)","IC.TAX.TOTL.CP.ZS","","","","","","","","","","","","","","","","","","","","","","","","","","","","","","","","","","","","","","","","","","","","","","","","","","","","","","","","","",
"Serbia","SRB","Total tax rate (% of commercial profits)","IC.TAX.TOTL.CP.ZS","","","","","","","","","","","","","","","","","","","","","","","","","","","","","","","","","","","","","","","","","","","","","","32.9","32.9","32.9","31.2","31.2","33.3","33.3","33.3","33.2","38.6","39.7","39.7",
"Sub-Saharan Africa (excluding high income)","SSA","Total tax rate (% of commercial profits)","IC.TAX.TOTL.CP.ZS","","","","","","","","","","","","","","","","","","","","","","","","","","","","","","","","","","","","","","","","","","","","","","72.0863636363636","73.98","73.2644444444444","72.6355555555555","72.1577777777778","69.4311111111111","58.8666666666667","58.15","51.2826086956522","46.2978260869565","46.4913043478261","47.3260869565217",
"South Sudan","SSD","Total tax rate (% of commercial profits)","IC.TAX.TOTL.CP.ZS","","","","","","","","","","","","","","","","","","","","","","","","","","","","","","","","","","","","","","","","","","","","","","","","","","","","","26.4","29.2","29","29","29.1",
"Sub-Saharan Africa","SSF","Total tax rate (% of commercial profits)","IC.TAX.TOTL.CP.ZS","","","","","","","","","","","","","","","","","","","","","","","","","","","","","","","","","","","","","","","","","","","","","","71.56","73.4239130434783","72.7239130434782","72.0695652173913","71.5478260869565","68.8347826086957","58.2391304347826","57.4127659574468","50.7340425531915","45.9468085106383","46.1425531914894","46.9595744680851",
"Small states","SST","Total tax rate (% of commercial profits)","IC.TAX.TOTL.CP.ZS","","","","","","","","","","","","","","","","","","","","","","","","","","","","","","","","","","","","","","","","","","","","","","49.7820512820513","48.9195121951219","46.8818181818182","45.7533333333333","44.6422222222222","43.4666666666667","42.936170212766","43.34375","42.95625","38.2208333333333","37.7041666666667","38.3125",
"Sao Tome and Principe","STP","Total tax rate (% of commercial profits)","IC.TAX.TOTL.CP.ZS","","","","","","","","","","","","","","","","","","","","","","","","","","","","","","","","","","","","","","","","","","","","","","46.7","49.8","51.5","51.5","50.7","37.9","37.9","37.9","38.2","37.8","37.4","37.4",
"Suriname","SUR","Total tax rate (% of commercial profits)","IC.TAX.TOTL.CP.ZS","","","","","","","","","","","","","","","","","","","","","","","","","","","","","","","","","","","","","","","","","","","","","","27.9","27.9","27.9","27.9","27.9","27.9","27.9","27.9","27.9","27.9","27.9","27.9",
"Slovak Republic","SVK","Total tax rate (% of commercial profits)","IC.TAX.TOTL.CP.ZS","","","","","","","","","","","","","","","","","","","","","","","","","","","","","","","","","","","","","","","","","","","","","","50","48.6","48.6","48.5","49.4","50","50.2","50.2","49.3","51.8","51.7","51.6",
"Slovenia","SVN","Total tax rate (% of commercial profits)","IC.TAX.TOTL.CP.ZS","","","","","","","","","","","","","","","","","","","","","","","","","","","","","","","","","","","","","","","","","","","","","","39.2","39.2","38.4","34.9","35.8","33.6","32.9","32.9","31.4","31","31","31",
"Sweden","SWE","Total tax rate (% of commercial profits)","IC.TAX.TOTL.CP.ZS","","","","","","","","","","","","","","","","","","","","","","","","","","","","","","","","","","","","","","","","","","","","","","54.1","54.1","53.8","53.8","53.9","52.1","52.1","52.1","52.1","49.1","49.1","49.1",
"Swaziland","SWZ","Total tax rate (% of commercial profits)","IC.TAX.TOTL.CP.ZS","","","","","","","","","","","","","","","","","","","","","","","","","","","","","","","","","","","","","","","","","","","","","","36.6","36.6","36.6","36.6","36.6","36.8","37.6","36.8","36.7","36.9","34.7","35.1",
"Sint Maarten (Dutch part)","SXM","Total tax rate (% of commercial profits)","IC.TAX.TOTL.CP.ZS","","","","","","","","","","","","","","","","","","","","","","","","","","","","","","","","","","","","","","","","","","","","","","","","","","","","","","","","","",
"Seychelles","SYC","Total tax rate (% of commercial profits)","IC.TAX.TOTL.CP.ZS","","","","","","","","","","","","","","","","","","","","","","","","","","","","","","","","","","","","","","","","","","","","","","48.4","48.4","48.4","46.6","44.1","42","30","23.5","25.5","29.8","30.1","30.1",
"Syrian Arab Republic","SYR","Total tax rate (% of commercial profits)","IC.TAX.TOTL.CP.ZS","","","","","","","","","","","","","","","","","","","","","","","","","","","","","","","","","","","","","","","","","","","","","","43.5","43.5","43.5","40.5","39.9","39.9","39.9","39.9","39.9","42.7","42.7","42.7",
"Turks and Caicos Islands","TCA","Total tax rate (% of commercial profits)","IC.TAX.TOTL.CP.ZS","","","","","","","","","","","","","","","","","","","","","","","","","","","","","","","","","","","","","","","","","","","","","","","","","","","","","","","","","",
"Chad","TCD","Total tax rate (% of commercial profits)","IC.TAX.TOTL.CP.ZS","","","","","","","","","","","","","","","","","","","","","","","","","","","","","","","","","","","","","","","","","","","","","","74","74","74","71.3","71.3","75.8","75.8","75.7","72.4","63.5","63.5","63.5",
"East Asia & Pacific (IDA & IBRD countries)","TEA","Total tax rate (% of commercial profits)","IC.TAX.TOTL.CP.ZS","","","","","","","","","","","","","","","","","","","","","","","","","","","","","","","","","","","","","","","","","","","","","","40.815","40.88","40.925","39.46","37.655","36.2","36.79","36.8428571428571","36.2047619047619","36.3285714285714","36.1666666666667","36.3238095238095",
"Europe & Central Asia (IDA & IBRD countries)","TEC","Total tax rate (% of commercial profits)","IC.TAX.TOTL.CP.ZS","","","","","","","","","","","","","","","","","","","","","","","","","","","","","","","","","","","","","","","","","","","","","","55.085","52.4904761904762","48.1","47.6666666666667","42.7681818181818","39.7909090909091","38.7772727272727","38.7909090909091","37.2727272727273","34.5227272727273","35.0136363636364","33.9863636363636",
"Togo","TGO","Total tax rate (% of commercial profits)","IC.TAX.TOTL.CP.ZS","","","","","","","","","","","","","","","","","","","","","","","","","","","","","","","","","","","","","","","","","","","","","","52.5","52.5","52.6","52.6","52.5","50.3","48.9","48.9","48.9","50.3","48.5","48.5",
"Thailand","THA","Total tax rate (% of commercial profits)","IC.TAX.TOTL.CP.ZS","","","","","","","","","","","","","","","","","","","","","","","","","","","","","","","","","","","","","","","","","","","","","","40.5","40.6","40.5","40.7","40","40","44.6","44.4","29.2","31.8","32.6","32.6",
"Tajikistan","TJK","Total tax rate (% of commercial profits)","IC.TAX.TOTL.CP.ZS","","","","","","","","","","","","","","","","","","","","","","","","","","","","","","","","","","","","","","","","","","","","","","79.9","79.9","80","83.4","83.8","84","84.5","84.5","80.9","81.8","81.8","65.2",
"Turkmenistan","TKM","Total tax rate (% of commercial profits)","IC.TAX.TOTL.CP.ZS","","","","","","","","","","","","","","","","","","","","","","","","","","","","","","","","","","","","","","","","","","","","","","","","","","","","","","","","","",
"Latin America & the Caribbean (IDA & IBRD countries)","TLA","Total tax rate (% of commercial profits)","IC.TAX.TOTL.CP.ZS","","","","","","","","","","","","","","","","","","","","","","","","","","","","","","","","","","","","","","","","","","","","","","49.5866666666667","48.9966666666667","48.7433333333333","47.3966666666667","47.2633333333333","46.8033333333333","46.9833333333333","46.9966666666667","47.34","47.6633333333333","47.28","46.0433333333333",
"Timor-Leste","TLS","Total tax rate (% of commercial profits)","IC.TAX.TOTL.CP.ZS","","","","","","","","","","","","","","","","","","","","","","","","","","","","","","","","","","","","","","","","","","","","","","48.9","48.9","48.9","33.1","11.2","11.2","11.2","11.2","11.2","11.2","11.2","11.2",
"Middle East & North Africa (IDA & IBRD countries)","TMN","Total tax rate (% of commercial profits)","IC.TAX.TOTL.CP.ZS","","","","","","","","","","","","","","","","","","","","","","","","","","","","","","","","","","","","","","","","","","","","","","59.7363636363636","45.9454545454545","45.6909090909091","44.7","44.4454545454545","44.5090909090909","42.9909090909091","41.9666666666667","41.5916666666667","42.2083333333333","42.0583333333333","41.2",
"Tonga","TON","Total tax rate (% of commercial profits)","IC.TAX.TOTL.CP.ZS","","","","","","","","","","","","","","","","","","","","","","","","","","","","","","","","","","","","","","","","","","","","","","27.5","27.5","27.5","27.5","25.8","26.2","26.2","26.2","30.1","30.1","30.1","30.1",
"South Asia (IDA & IBRD)","TSA","Total tax rate (% of commercial profits)","IC.TAX.TOTL.CP.ZS","","","","","","","","","","","","","","","","","","","","","","","","","","","","","","","","","","","","","","","","","","","","","","40.5875","41.55","41.8875","40.125","39.6125","43.625","46.0375","40.9","39.1875","39.4375","39.325","40.85",
"Sub-Saharan Africa (IDA & IBRD countries)","TSS","Total tax rate (% of commercial profits)","IC.TAX.TOTL.CP.ZS","","","","","","","","","","","","","","","","","","","","","","","","","","","","","","","","","","","","","","","","","","","","","","71.56","73.4239130434783","72.7239130434782","72.0695652173913","71.5478260869565","68.8347826086957","58.2391304347826","57.4127659574468","50.7340425531915","45.9468085106383","46.1425531914893","46.9595744680851",
"Trinidad and Tobago","TTO","Total tax rate (% of commercial profits)","IC.TAX.TOTL.CP.ZS","","","","","","","","","","","","","","","","","","","","","","","","","","","","","","","","","","","","","","","","","","","","","","39.2","39.2","35","36.3","36.3","35","31","31","31.5","32","32.2","32.2",
"Tunisia","TUN","Total tax rate (% of commercial profits)","IC.TAX.TOTL.CP.ZS","","","","","","","","","","","","","","","","","","","","","","","","","","","","","","","","","","","","","","","","","","","","","","61.2","61.2","61.2","59.1","62.8","62.8","62.8","62.8","62.4","62.8","60.2","60.2",
"Turkey","TUR","Total tax rate (% of commercial profits)","IC.TAX.TOTL.CP.ZS","","","","","","","","","","","","","","","","","","","","","","","","","","","","","","","","","","","","","","","","","","","","","","53.1","52.7","44.5","44.5","43.5","43.5","40.2","40.2","39.7","40.5","41.1","41.1",
"Tuvalu","TUV","Total tax rate (% of commercial profits)","IC.TAX.TOTL.CP.ZS","","","","","","","","","","","","","","","","","","","","","","","","","","","","","","","","","","","","","","","","","","","","","","","","","","","","","","","","","",
"Tanzania","TZA","Total tax rate (% of commercial profits)","IC.TAX.TOTL.CP.ZS","","","","","","","","","","","","","","","","","","","","","","","","","","","","","","","","","","","","","","","","","","","","","","43.8","43.8","43.9","44.4","44.4","44.4","44.9","44.9","44.3","44.3","43.9","43.9",
"Uganda","UGA","Total tax rate (% of commercial profits)","IC.TAX.TOTL.CP.ZS","","","","","","","","","","","","","","","","","","","","","","","","","","","","","","","","","","","","","","","","","","","","","","36.7","35","36.6","35.4","36.6","36.6","33.5","33.5","36.5","33.5","33.5","33.5",
"Ukraine","UKR","Total tax rate (% of commercial profits)","IC.TAX.TOTL.CP.ZS","","","","","","","","","","","","","","","","","","","","","","","","","","","","","","","","","","","","","","","","","","","","","","57.3","57","56.6","57.2","57.2","55.5","57.1","55.4","54.4","52.7","52.2","51.9",
"Upper middle income","UMC","Total tax rate (% of commercial profits)","IC.TAX.TOTL.CP.ZS","","","","","","","","","","","","","","","","","","","","","","","","","","","","","","","","","","","","","","","","","","","","","","46.1265306122449","45.136","44.148","43.372","42.088","40.734","40.406","40.7411764705882","40.0313725490196","40.4411764705882","40.4862745098039","40.2607843137255",
"Uruguay","URY","Total tax rate (% of commercial profits)","IC.TAX.TOTL.CP.ZS","","","","","","","","","","","","","","","","","","","","","","","","","","","","","","","","","","","","","","","","","","","","","","71.3","71.3","71.3","43","41.9","41.9","41.9","41.9","41.8","41.8","41.8","41.8",
"United States","USA","Total tax rate (% of commercial profits)","IC.TAX.TOTL.CP.ZS","","","","","","","","","","","","","","","","","","","","","","","","","","","","","","","","","","","","","","","","","","","","","","45.5","47.1","45.7","46.4","46","46.5","46.4","46.4","43.8","43.8","43.9","44",
"Uzbekistan","UZB","Total tax rate (% of commercial profits)","IC.TAX.TOTL.CP.ZS","","","","","","","","","","","","","","","","","","","","","","","","","","","","","","","","","","","","","","","","","","","","","","96.7","112.1","90.3","89.8","95","95.8","97.7","98.7","93.7","42.1","41.1","38.1",
"St. Vincent and the Grenadines","VCT","Total tax rate (% of commercial profits)","IC.TAX.TOTL.CP.ZS","","","","","","","","","","","","","","","","","","","","","","","","","","","","","","","","","","","","","","","","","","","","","","45","45","45","42.6","41","38.7","38.7","38.7","38.6","38.6","39.3","39.3",
"Venezuela, RB","VEN","Total tax rate (% of commercial profits)","IC.TAX.TOTL.CP.ZS","","","","","","","","","","","","","","","","","","","","","","","","","","","","","","","","","","","","","","","","","","","","","","50.2","49.8","53.6","55.6","60.4","51.9","62.8","61.8","65.4","65.4","65","64.7",
"British Virgin Islands","VGB","Total tax rate (% of commercial profits)","IC.TAX.TOTL.CP.ZS","","","","","","","","","","","","","","","","","","","","","","","","","","","","","","","","","","","","","","","","","","","","","","","","","","","","","","","","","",
"Virgin Islands (U.S.)","VIR","Total tax rate (% of commercial profits)","IC.TAX.TOTL.CP.ZS","","","","","","","","","","","","","","","","","","","","","","","","","","","","","","","","","","","","","","","","","","","","","","","","","","","","","","","","","",
"Vietnam","VNM","Total tax rate (% of commercial profits)","IC.TAX.TOTL.CP.ZS","","","","","","","","","","","","","","","","","","","","","","","","","","","","","","","","","","","","","","","","","","","","","","39.9","39.9","39.9","39.9","39.9","33","39.9","35.3","40.8","40.8","39.4","39.4",
"Vanuatu","VUT","Total tax rate (% of commercial profits)","IC.TAX.TOTL.CP.ZS","","","","","","","","","","","","","","","","","","","","","","","","","","","","","","","","","","","","","","","","","","","","","","8.4","8.4","8.4","8.4","8.4","8.4","8.4","8.4","8.5","8.5","8.5","8.5",
"World","WLD","Total tax rate (% of commercial profits)","IC.TAX.TOTL.CP.ZS","","","","","","","","","","","","","","","","","","","","","","","","","","","","","","","","","","","","","","","","","","","","","","53.3545977011494","52.2398876404494","50.9613259668508","50","48.820218579235","47.4912568306011","44.5578378378378","44.1100529100529","42.1666666666667","40.8428571428572","40.7021164021164","40.5513227513227",
"Samoa","WSM","Total tax rate (% of commercial profits)","IC.TAX.TOTL.CP.ZS","","","","","","","","","","","","","","","","","","","","","","","","","","","","","","","","","","","","","","","","","","","","","","19.3","19.3","19.3","18.4","18.4","18.4","18.4","18.4","18.4","18.1","18.1","18.5",
"Kosovo","XKX","Total tax rate (% of commercial profits)","IC.TAX.TOTL.CP.ZS","","","","","","","","","","","","","","","","","","","","","","","","","","","","","","","","","","","","","","","","","","","","","","","","","","28.3","16.5","15.8","15.6","15.4","15.4","15.2","15.2",
"Yemen, Rep.","YEM","Total tax rate (% of commercial profits)","IC.TAX.TOTL.CP.ZS","","","","","","","","","","","","","","","","","","","","","","","","","","","","","","","","","","","","","","","","","","","","","","196.7","49.4","49.4","49.3","49.3","49.3","34.5","33.6","33.3","33.1","33.1","33.1",
"South Africa","ZAF","Total tax rate (% of commercial profits)","IC.TAX.TOTL.CP.ZS","","","","","","","","","","","","","","","","","","","","","","","","","","","","","","","","","","","","","","","","","","","","","","37.1","36.6","36.1","33.3","30","30.2","31.8","32","28.7","28.9","28.8","28.8",
"Zambia","ZMB","Total tax rate (% of commercial profits)","IC.TAX.TOTL.CP.ZS","","","","","","","","","","","","","","","","","","","","","","","","","","","","","","","","","","","","","","","","","","","","","","15.4","15.4","15","15","15","14.3","14.4","16.2","15.9","15.5","18.6","18.6",
"Zimbabwe","ZWE","Total tax rate (% of commercial profits)","IC.TAX.TOTL.CP.ZS","","","","","","","","","","","","","","","","","","","","","","","","","","","","","","","","","","","","","","","","","","","","","","30.1","30.2","49.3","66.3","36.1","37","32.5","32.7","32.4","32.5","32.8","32.8",
