Country Name,Country Code,CommTotTax_1960,CommTotTax_1961,CommTotTax_1962,CommTotTax_1963,CommTotTax_1964,CommTotTax_1965,CommTotTax_1966,CommTotTax_1967,CommTotTax_1968,CommTotTax_1969,CommTotTax_1970,CommTotTax_1971,CommTotTax_1972,CommTotTax_1973,CommTotTax_1974,CommTotTax_1975,CommTotTax_1976,CommTotTax_1977,CommTotTax_1978,CommTotTax_1979,CommTotTax_1980,CommTotTax_1981,CommTotTax_1982,CommTotTax_1983,CommTotTax_1984,CommTotTax_1985,CommTotTax_1986,CommTotTax_1987,CommTotTax_1988,CommTotTax_1989,CommTotTax_1990,CommTotTax_1991,CommTotTax_1992,CommTotTax_1993,CommTotTax_1994,CommTotTax_1995,CommTotTax_1996,CommTotTax_1997,CommTotTax_1998,CommTotTax_1999,CommTotTax_2000,CommTotTax_2001,CommTotTax_2002,CommTotTax_2003,CommTotTax_2004,CommTotTax_2005,CommTotTax_2006,CommTotTax_2007,CommTotTax_2008,CommTotTax_2009,CommTotTax_2010,CommTotTax_2011,CommTotTax_2012,CommTotTax_2013,CommTotTax_2014,CommTotTax_2015,CommTotTax_2016
Aruba,ABW,,,,,,,,,,,,,,,,,,,,,,,,,,,,,,,,,,,,,,,,,,,,,,,,,,,,,,,,,
Afghanistan,AFG,,,,,,,,,,,,,,,,,,,,,,,,,,,,,,,,,,,,,,,,,,,,,,36.8,36.8,36.8,36.8,36.8,36.8,36.8,36.8,35.8,36.5,36.5,48.3
Angola,AGO,,,,,,,,,,,,,,,,,,,,,,,,,,,,,,,,,,,,,,,,,,,,,,52.2,52.2,52.2,52.2,52.2,52.2,52.3,52.3,52.0,52.6,49.0,48.0
Albania,ALB,,,,,,,,,,,,,,,,,,,,,,,,,,,,,,,,,,,,,,,,,,,,,,58.2,56.5,51.3,49.6,43.6,40.3,38.3,38.5,31.5,31.4,36.5,36.5
Andorra,AND,,,,,,,,,,,,,,,,,,,,,,,,,,,,,,,,,,,,,,,,,,,,,,,,,,,,,,,,,
Arab World,ARB,,,,,,,,,,,,,,,,,,,,,,,,,,,,,,,,,,,,,,,,,,,,,,58.7333333333,49.3333333333,45.56,44.555,44.405,43.505,41.885,42.2380952381,42.3142857143,42.8952380952,42.9142857143,42.480952381
United Arab Emirates,ARE,,,,,,,,,,,,,,,,,,,,,,,,,,,,,,,,,,,,,,,,,,,,,,14.4,14.4,14.4,14.4,14.1,14.1,14.1,14.9,14.8,14.8,15.9,15.9
Argentina,ARG,,,,,,,,,,,,,,,,,,,,,,,,,,,,,,,,,,,,,,,,,,,,,,107.3,107.3,107.3,107.3,107.3,107.4,107.4,107.5,119.4,137.4,137.6,106.0
Armenia,ARM,,,,,,,,,,,,,,,,,,,,,,,,,,,,,,,,,,,,,,,,,,,,,,36.6,36.6,38.9,38.6,38.6,38.6,38.8,38.8,35.9,20.1,20.0,18.5
American Samoa,ASM,,,,,,,,,,,,,,,,,,,,,,,,,,,,,,,,,,,,,,,,,,,,,,,,,,,,,,,,,
Antigua and Barbuda,ATG,,,,,,,,,,,,,,,,,,,,,,,,,,,,,,,,,,,,,,,,,,,,,,51.5,47.6,46.2,46.2,41.0,41.0,41.0,41.0,40.9,41.6,41.9,41.9
Australia,AUS,,,,,,,,,,,,,,,,,,,,,,,,,,,,,,,,,,,,,,,,,,,,,,52.1,51.1,50.1,50.0,47.8,47.6,47.3,47.2,47.3,47.4,47.6,47.6
Austria,AUT,,,,,,,,,,,,,,,,,,,,,,,,,,,,,,,,,,,,,,,,,,,,,,57.2,51.1,51.1,51.1,51.6,51.3,50.8,52.3,51.9,51.7,51.7,51.6
Azerbaijan,AZE,,,,,,,,,,,,,,,,,,,,,,,,,,,,,,,,,,,,,,,,,,,,,,46.4,42.2,40.9,40.9,40.9,40.9,40.0,40.0,39.8,39.8,39.8,39.8
Burundi,BDI,,,,,,,,,,,,,,,,,,,,,,,,,,,,,,,,,,,,,,,,,,,,,,280.2,280.2,280.2,280.2,280.2,154.9,46.5,46.5,45.2,40.3,40.3,40.3
Belgium,BEL,,,,,,,,,,,,,,,,,,,,,,,,,,,,,,,,,,,,,,,,,,,,,,60.1,59.9,57.9,55.9,55.2,57.3,57.7,58.2,58.0,58.4,58.4,58.7
Benin,BEN,,,,,,,,,,,,,,,,,,,,,,,,,,,,,,,,,,,,,,,,,,,,,,72.1,72.1,72.1,72.1,68.4,62.7,62.7,62.7,63.3,57.3,57.4,57.4
Burkina Faso,BFA,,,,,,,,,,,,,,,,,,,,,,,,,,,,,,,,,,,,,,,,,,,,,,47.6,47.6,47.6,44.5,44.5,44.8,42.7,42.7,41.3,41.3,41.3,41.3
Bangladesh,BGD,,,,,,,,,,,,,,,,,,,,,,,,,,,,,,,,,,,,,,,,,,,,,,38.8,38.8,40.8,39.9,38.8,38.8,38.8,38.8,32.5,35.4,34.4,34.4
Bulgaria,BGR,,,,,,,,,,,,,,,,,,,,,,,,,,,,,,,,,,,,,,,,,,,,,,45.2,41.6,35.8,33.9,30.4,28.0,27.2,27.8,27.0,27.0,27.0,27.0
Bahrain,BHR,,,,,,,,,,,,,,,,,,,,,,,,,,,,,,,,,,,,,,,,,,,,,,,,14.7,14.7,14.7,13.5,13.5,13.5,13.5,13.5,13.5,13.5
"Bahamas, The",BHS,,,,,,,,,,,,,,,,,,,,,,,,,,,,,,,,,,,,,,,,,,,,,,,,42.9,42.9,42.9,42.9,44.6,44.6,48.5,41.1,33.8,33.8
Bosnia and Herzegovina,BIH,,,,,,,,,,,,,,,,,,,,,,,,,,,,,,,,,,,,,,,,,,,,,,42.8,42.7,42.8,42.8,25.9,22.2,23.6,23.6,22.2,23.3,23.3,22.6
Belarus,BLR,,,,,,,,,,,,,,,,,,,,,,,,,,,,,,,,,,,,,,,,,,,,,,137.2,137.2,120.8,117.4,99.9,80.8,63.0,59.2,52.0,52.4,54.0,54.8
Belize,BLZ,,,,,,,,,,,,,,,,,,,,,,,,,,,,,,,,,,,,,,,,,,,,,,34.7,34.8,34.8,33.2,33.2,33.2,33.2,33.2,31.1,31.1,31.1,31.1
Bermuda,BMU,,,,,,,,,,,,,,,,,,,,,,,,,,,,,,,,,,,,,,,,,,,,,,,,,,,,,,,,,
Bolivia,BOL,,,,,,,,,,,,,,,,,,,,,,,,,,,,,,,,,,,,,,,,,,,,,,80.0,80.0,80.0,80.0,80.0,80.0,80.0,83.4,83.7,83.7,83.7,83.7
Brazil,BRA,,,,,,,,,,,,,,,,,,,,,,,,,,,,,,,,,,,,,,,,,,,,,,69.2,69.2,69.2,68.5,65.7,66.8,66.8,68.6,69.2,69.2,68.1,68.4
Barbados,BRB,,,,,,,,,,,,,,,,,,,,,,,,,,,,,,,,,,,,,,,,,,,,,,,,,,,,35.0,34.7,34.6,34.6,34.7,34.7
Brunei Darussalam,BRN,,,,,,,,,,,,,,,,,,,,,,,,,,,,,,,,,,,,,,,,,,,,,,,37.4,37.4,37.4,30.1,15.7,16.7,15.4,15.8,15.8,8.7,8.7
Bhutan,BTN,,,,,,,,,,,,,,,,,,,,,,,,,,,,,,,,,,,,,,,,,,,,,,37.3,37.3,37.3,37.3,37.3,37.3,37.3,37.3,35.3,35.3,35.3,35.3
Botswana,BWA,,,,,,,,,,,,,,,,,,,,,,,,,,,,,,,,,,,,,,,,,,,,,,17.1,17.1,17.1,17.1,17.0,19.5,19.5,25.4,25.3,25.1,25.1,25.1
Central African Republic,CAF,,,,,,,,,,,,,,,,,,,,,,,,,,,,,,,,,,,,,,,,,,,,,,65.7,203.8,203.8,203.8,203.8,203.8,54.6,67.4,73.3,73.3,73.3,73.3
Canada,CAN,,,,,,,,,,,,,,,,,,,,,,,,,,,,,,,,,,,,,,,,,,,,,,47.5,45.0,44.3,44.1,42.3,22.0,20.7,20.1,19.9,21.1,21.1,21.0
Central Europe and the Baltics,CEB,,,,,,,,,,,,,,,,,,,,,,,,,,,,,,,,,,,,,,,,,,,,,,45.8090909091,44.0545454545,42.9181818182,42.6,41.9363636364,41.2454545455,41.3727272727,41.9181818182,39.7454545455,39.7,39.8818181818,39.3727272727
Switzerland,CHE,,,,,,,,,,,,,,,,,,,,,,,,,,,,,,,,,,,,,,,,,,,,,,28.8,27.6,27.9,27.8,28.7,28.8,28.9,29.4,28.4,28.8,28.8,28.8
Channel Islands,CHI,,,,,,,,,,,,,,,,,,,,,,,,,,,,,,,,,,,,,,,,,,,,,,,,,,,,,,,,,
Chile,CHL,,,,,,,,,,,,,,,,,,,,,,,,,,,,,,,,,,,,,,,,,,,,,,25.3,25.1,25.1,25.1,24.8,24.5,24.5,27.7,27.7,27.9,28.9,30.5
China,CHN,,,,,,,,,,,,,,,,,,,,,,,,,,,,,,,,,,,,,,,,,,,,,,82.8,83.6,84.0,82.7,81.4,66.3,66.4,67.6,68.7,68.5,67.8,68.0
Cote d'Ivoire,CIV,,,,,,,,,,,,,,,,,,,,,,,,,,,,,,,,,,,,,,,,,,,,,,53.4,53.4,50.6,50.6,50.4,50.2,50.1,44.4,52.5,51.9,51.9,51.3
Cameroon,CMR,,,,,,,,,,,,,,,,,,,,,,,,,,,,,,,,,,,,,,,,,,,,,,50.6,50.8,50.8,50.4,48.8,48.8,48.8,48.8,48.8,48.8,48.8,57.7
"Congo, Dem. Rep.",COD,,,,,,,,,,,,,,,,,,,,,,,,,,,,,,,,,,,,,,,,,,,,,,288.1,288.1,288.1,263.3,292.7,339.1,339.1,339.1,55.7,54.7,54.6,54.6
"Congo, Rep.",COG,,,,,,,,,,,,,,,,,,,,,,,,,,,,,,,,,,,,,,,,,,,,,,64.5,64.5,64.5,64.5,64.5,64.5,63.1,64.5,55.8,55.0,56.0,54.3
Colombia,COL,,,,,,,,,,,,,,,,,,,,,,,,,,,,,,,,,,,,,,,,,,,,,,83.7,84.0,84.2,80.1,80.3,80.3,76.4,76.0,76.1,77.3,69.7,69.8
Comoros,COM,,,,,,,,,,,,,,,,,,,,,,,,,,,,,,,,,,,,,,,,,,,,,,217.9,217.9,217.9,217.9,217.9,217.9,217.9,217.9,216.5,216.5,216.5,216.5
Cabo Verde,CPV,,,,,,,,,,,,,,,,,,,,,,,,,,,,,,,,,,,,,,,,,,,,,,53.1,53.1,53.1,53.1,49.7,37.5,37.9,37.2,36.5,36.5,36.5,36.6
Costa Rica,CRI,,,,,,,,,,,,,,,,,,,,,,,,,,,,,,,,,,,,,,,,,,,,,,58.1,58.1,58.1,58.1,58.1,58.4,58.3,58.6,58.0,58.2,58.2,58.3
Caribbean small states,CSS,,,,,,,,,,,,,,,,,,,,,,,,,,,,,,,,,,,,,,,,,,,,,,41.4090909091,40.9090909091,40.625,40.4,39.85,39.175,38.7076923077,38.6538461538,38.4769230769,37.4615384615,36.5538461538,36.3384615385
Cuba,CUB,,,,,,,,,,,,,,,,,,,,,,,,,,,,,,,,,,,,,,,,,,,,,,,,,,,,,,,,,
Curacao,CUW,,,,,,,,,,,,,,,,,,,,,,,,,,,,,,,,,,,,,,,,,,,,,,,,,,,,,,,,,
Cayman Islands,CYM,,,,,,,,,,,,,,,,,,,,,,,,,,,,,,,,,,,,,,,,,,,,,,,,,,,,,,,,,
Cyprus,CYP,,,,,,,,,,,,,,,,,,,,,,,,,,,,,,,,,,,,,,,,,,,,,,,,,20.6,20.6,22.3,22.0,22.2,22.5,23.1,24.5,24.7
Czech Republic,CZE,,,,,,,,,,,,,,,,,,,,,,,,,,,,,,,,,,,,,,,,,,,,,,55.1,54.1,53.1,53.1,51.1,50.0,50.0,50.0,50.0,50.4,50.4,50.0
Germany,DEU,,,,,,,,,,,,,,,,,,,,,,,,,,,,,,,,,,,,,,,,,,,,,,47.7,47.4,49.0,49.4,43.9,47.0,45.6,45.9,49.1,48.8,48.8,48.9
Djibouti,DJI,,,,,,,,,,,,,,,,,,,,,,,,,,,,,,,,,,,,,,,,,,,,,,37.8,37.8,37.8,37.8,37.8,38.1,38.1,38.1,37.6,37.6,37.6,37.6
Dominica,DMA,,,,,,,,,,,,,,,,,,,,,,,,,,,,,,,,,,,,,,,,,,,,,,37.0,37.0,37.0,37.0,37.0,37.0,37.1,37.1,37.0,37.0,37.0,35.2
Denmark,DNK,,,,,,,,,,,,,,,,,,,,,,,,,,,,,,,,,,,,,,,,,,,,,,33.3,31.5,32.0,29.2,28.2,28.1,26.4,27.0,26.3,26.0,24.5,25.0
Dominican Republic,DOM,,,,,,,,,,,,,,,,,,,,,,,,,,,,,,,,,,,,,,,,,,,,,,35.5,35.8,39.5,35.2,38.4,40.1,41.2,43.4,43.5,43.5,43.5,42.4
Algeria,DZA,,,,,,,,,,,,,,,,,,,,,,,,,,,,,,,,,,,,,,,,,,,,,,76.9,76.9,74.2,74.4,73.0,73.0,73.0,72.8,72.7,72.7,72.7,65.6
East Asia & Pacific (excluding high income),EAP,,,,,,,,,,,,,,,,,,,,,,,,,,,,,,,,,,,,,,,,,,,,,,39.1473684211,39.2157894737,39.2631578947,37.7210526316,35.8210526316,34.2894736842,34.9105263158,34.925,34.265,34.375,34.205,34.37
Early-demographic dividend,EAR,,,,,,,,,,,,,,,,,,,,,,,,,,,,,,,,,,,,,,,,,,,,,,44.4017241379,41.6862068966,40.6898305085,40.3644067797,39.7050847458,39.2694915254,38.9508474576,39.4147540984,39.0819672131,38.6081967213,38.6754098361,37.6360655738
East Asia & Pacific,EAS,,,,,,,,,,,,,,,,,,,,,,,,,,,,,,,,,,,,,,,,,,,,,,39.9296296296,39.6392857143,39.7285714286,38.9642857143,37.1464285714,35.2714285714,35.6535714286,35.4793103448,35.0448275862,35.1413793103,34.7931034483,34.8931034483
Europe & Central Asia (excluding high income),ECA,,,,,,,,,,,,,,,,,,,,,,,,,,,,,,,,,,,,,,,,,,,,,,55.7105263158,52.955,48.335,47.795,42.7952380952,39.7523809524,38.7142857143,38.719047619,37.1380952381,34.2571428571,34.7619047619,33.680952381
Europe & Central Asia,ECS,,,,,,,,,,,,,,,,,,,,,,,,,,,,,,,,,,,,,,,,,,,,,,51.0886363636,48.7173913043,46.5152173913,45.3468085106,42.8208333333,41.44375,40.6354166667,40.8224489796,40.0653061224,38.9551020408,38.8,38.0897959184
Ecuador,ECU,,,,,,,,,,,,,,,,,,,,,,,,,,,,,,,,,,,,,,,,,,,,,,35.2,35.2,35.2,34.8,34.8,35.2,34.4,34.4,33.7,32.8,32.8,32.5
"Egypt, Arab Rep.",EGY,,,,,,,,,,,,,,,,,,,,,,,,,,,,,,,,,,,,,,,,,,,,,,54.4,46.4,45.1,44.0,43.0,43.1,44.2,43.2,40.6,44.8,45.0,43.5
Euro area,EMU,,,,,,,,,,,,,,,,,,,,,,,,,,,,,,,,,,,,,,,,,,,,,,50.98125,47.8352941176,47.3823529412,44.9333333333,44.2222222222,44.2833333333,43.2736842105,43.8473684211,43.8473684211,44.4315789474,43.6368421053,43.5368421053
Eritrea,ERI,,,,,,,,,,,,,,,,,,,,,,,,,,,,,,,,,,,,,,,,,,,,,,84.5,84.5,84.5,84.5,84.5,84.5,84.5,84.5,83.7,83.7,83.7,83.7
Spain,ESP,,,,,,,,,,,,,,,,,,,,,,,,,,,,,,,,,,,,,,,,,,,,,,60.4,60.5,60.7,58.8,55.8,55.5,37.9,37.9,57.1,58.2,50.0,49.0
Estonia,EST,,,,,,,,,,,,,,,,,,,,,,,,,,,,,,,,,,,,,,,,,,,,,,50.6,49.4,48.7,48.1,48.4,48.8,57.8,66.8,49.7,49.4,49.4,48.7
Ethiopia,ETH,,,,,,,,,,,,,,,,,,,,,,,,,,,,,,,,,,,,,,,,,,,,,,30.3,30.3,30.3,30.3,30.3,30.3,30.3,34.4,31.6,36.6,37.8,38.6
European Union,EUU,,,,,,,,,,,,,,,,,,,,,,,,,,,,,,,,,,,,,,,,,,,,,,48.58,46.0384615385,45.3807692308,43.737037037,42.9481481481,42.6703703704,41.8214285714,42.1285714286,41.9678571429,42.1392857143,41.5285714286,41.2642857143
Fragile and conflict affected situations,FCS,,,,,,,,,,,,,,,,,,,,,,,,,,,,,,,,,,,,,,,,,,,,,,90.424137931,87.97,87.2066666667,86.5933333333,84.6774193548,81.6612903226,65.2741935484,62.5676470588,54.3470588235,47.7294117647,47.8352941176,48.0941176471
Finland,FIN,,,,,,,,,,,,,,,,,,,,,,,,,,,,,,,,,,,,,,,,,,,,,,49.5,47.7,47.8,47.8,47.7,40.8,39.1,40.6,39.9,40.1,37.9,38.1
Fiji,FJI,,,,,,,,,,,,,,,,,,,,,,,,,,,,,,,,,,,,,,,,,,,,,,41.5,41.5,41.5,41.5,41.2,39.3,38.3,37.6,31.1,31.1,31.1,33.1
France,FRA,,,,,,,,,,,,,,,,,,,,,,,,,,,,,,,,,,,,,,,,,,,,,,66.0,66.6,66.6,66.1,65.8,65.8,65.7,67.5,67.4,69.0,62.8,62.8
Faroe Islands,FRO,,,,,,,,,,,,,,,,,,,,,,,,,,,,,,,,,,,,,,,,,,,,,,,,,,,,,,,,,
"Micronesia, Fed. Sts.",FSM,,,,,,,,,,,,,,,,,,,,,,,,,,,,,,,,,,,,,,,,,,,,,,59.6,59.6,58.7,58.7,58.7,58.7,59.0,59.9,60.0,60.5,60.5,60.5
Gabon,GAB,,,,,,,,,,,,,,,,,,,,,,,,,,,,,,,,,,,,,,,,,,,,,,44.6,44.2,44.2,44.2,44.2,43.0,43.0,43.0,43.2,40.1,45.2,45.2
United Kingdom,GBR,,,,,,,,,,,,,,,,,,,,,,,,,,,,,,,,,,,,,,,,,,,,,,34.7,34.6,34.6,34.2,34.9,36.1,36.2,35.0,34.7,33.5,32.0,30.9
Georgia,GEO,,,,,,,,,,,,,,,,,,,,,,,,,,,,,,,,,,,,,,,,,,,,,,57.0,38.6,38.6,38.6,15.3,15.3,16.5,16.5,16.4,16.4,16.4,16.4
Ghana,GHA,,,,,,,,,,,,,,,,,,,,,,,,,,,,,,,,,,,,,,,,,,,,,,39.1,35.3,32.1,31.9,31.9,31.9,32.9,32.8,32.7,32.7,32.7,32.7
Gibraltar,GIB,,,,,,,,,,,,,,,,,,,,,,,,,,,,,,,,,,,,,,,,,,,,,,,,,,,,,,,,,
Guinea,GIN,,,,,,,,,,,,,,,,,,,,,,,,,,,,,,,,,,,,,,,,,,,,,,80.7,80.7,80.7,80.7,80.7,87.8,91.2,91.2,68.3,68.3,68.3,68.3
"Gambia, The",GMB,,,,,,,,,,,,,,,,,,,,,,,,,,,,,,,,,,,,,,,,,,,,,,286.0,292.1,292.1,292.1,292.1,285.9,277.3,277.1,275.4,60.1,51.3,51.3
Guinea-Bissau,GNB,,,,,,,,,,,,,,,,,,,,,,,,,,,,,,,,,,,,,,,,,,,,,,54.2,45.9,45.9,45.9,45.9,45.9,45.9,45.9,45.5,45.5,45.5,45.5
Equatorial Guinea,GNQ,,,,,,,,,,,,,,,,,,,,,,,,,,,,,,,,,,,,,,,,,,,,,,47.1,47.1,47.1,47.1,47.1,47.1,47.1,47.1,47.1,47.1,47.1,79.4
Greece,GRC,,,,,,,,,,,,,,,,,,,,,,,,,,,,,,,,,,,,,,,,,,,,,,54.0,49.5,48.9,46.7,46.7,46.7,45.9,44.1,44.0,50.7,49.6,50.7
Grenada,GRD,,,,,,,,,,,,,,,,,,,,,,,,,,,,,,,,,,,,,,,,,,,,,,45.3,45.3,45.3,45.3,45.3,45.3,45.3,45.3,45.3,45.3,45.3,45.3
Greenland,GRL,,,,,,,,,,,,,,,,,,,,,,,,,,,,,,,,,,,,,,,,,,,,,,,,,,,,,,,,,
Guatemala,GTM,,,,,,,,,,,,,,,,,,,,,,,,,,,,,,,,,,,,,,,,,,,,,,41.1,41.1,41.1,40.9,40.9,40.9,40.9,40.9,40.9,39.9,37.5,35.2
Guam,GUM,,,,,,,,,,,,,,,,,,,,,,,,,,,,,,,,,,,,,,,,,,,,,,,,,,,,,,,,,
Guyana,GUY,,,,,,,,,,,,,,,,,,,,,,,,,,,,,,,,,,,,,,,,,,,,,,39.0,39.0,39.0,39.0,38.8,35.9,35.9,35.9,32.0,32.3,32.3,32.3
High income,HIC,,,,,,,,,,,,,,,,,,,,,,,,,,,,,,,,,,,,,,,,,,,,,,43.7723404255,42.3489795918,40.9173076923,39.8264150943,38.9433962264,38.0358490566,37.4127272727,37.2607142857,37.3125,37.6517857143,37.1696428571,36.9785714286
"Hong Kong SAR, China",HKG,,,,,,,,,,,,,,,,,,,,,,,,,,,,,,,,,,,,,,,,,,,,,,24.1,24.1,24.1,24.1,23.0,23.0,23.0,23.0,22.6,22.8,22.8,22.9
Honduras,HND,,,,,,,,,,,,,,,,,,,,,,,,,,,,,,,,,,,,,,,,,,,,,,43.5,43.5,43.5,43.5,43.5,43.5,43.1,39.5,42.6,41.8,44.3,44.4
Heavily indebted poor countries (HIPC),HPC,,,,,,,,,,,,,,,,,,,,,,,,,,,,,,,,,,,,,,,,,,,,,,81.2081081081,83.2157894737,82.05,81.0078947368,81.4184210526,78.3526315789,65.9289473684,65.8421052632,57.7789473684,51.7763157895,52.1263157895,52.6026315789
Croatia,HRV,,,,,,,,,,,,,,,,,,,,,,,,,,,,,,,,,,,,,,,,,,,,,,20.8,20.8,20.8,20.8,20.8,21.5,21.3,21.2,19.3,18.4,20.0,20.9
Haiti,HTI,,,,,,,,,,,,,,,,,,,,,,,,,,,,,,,,,,,,,,,,,,,,,,40.4,40.4,40.4,40.4,40.4,40.4,40.4,40.4,40.3,40.3,40.3,40.3
Hungary,HUN,,,,,,,,,,,,,,,,,,,,,,,,,,,,,,,,,,,,,,,,,,,,,,56.6,55.7,55.3,56.6,56.6,54.6,52.0,49.8,49.3,48.0,48.4,46.5
IBRD only,IBD,,,,,,,,,,,,,,,,,,,,,,,,,,,,,,,,,,,,,,,,,,,,,,48.8723076923,47.8045454545,47.0363636364,45.9712121212,44.4439393939,43.7090909091,43.5636363636,42.5805970149,42.0402985075,42.1955223881,42.047761194,41.8179104478
IDA & IBRD total,IBT,,,,,,,,,,,,,,,,,,,,,,,,,,,,,,,,,,,,,,,,,,,,,,56.7731343284,55.9198529412,54.9551470588,53.9705882353,52.6197080292,51.1569343066,47.5810218978,46.9014285714,44.2685714286,42.3842857143,42.4014285714,42.2864285714
IDA total,IDA,,,,,,,,,,,,,,,,,,,,,,,,,,,,,,,,,,,,,,,,,,,,,,64.215942029,63.5714285714,62.4214285714,61.5128571429,60.2197183099,58.0802816901,51.3154929577,50.8671232877,46.3136986301,42.5575342466,42.7260273973,42.7164383562
IDA blend,IDB,,,,,,,,,,,,,,,,,,,,,,,,,,,,,,,,,,,,,,,,,,,,,,47.68125,48.30625,47.90625,46.60625,42.225,41.3375,41.50625,41.35,39.98125,36.7,36.86875,37.1625
Indonesia,IDN,,,,,,,,,,,,,,,,,,,,,,,,,,,,,,,,,,,,,,,,,,,,,,31.3,31.3,31.3,31.1,31.8,28.7,28.7,28.7,31.4,31.4,29.7,30.6
IDA only,IDX,,,,,,,,,,,,,,,,,,,,,,,,,,,,,,,,,,,,,,,,,,,,,,69.2075471698,68.0944444444,66.7222222222,65.9296296296,65.4545454545,62.9509090909,54.1690909091,53.5385964912,48.0912280702,44.201754386,44.3701754386,44.2754385965
Isle of Man,IMN,,,,,,,,,,,,,,,,,,,,,,,,,,,,,,,,,,,,,,,,,,,,,,,,,,,,,,,,,
India,IND,,,,,,,,,,,,,,,,,,,,,,,,,,,,,,,,,,,,,,,,,,,,,,66.6,74.0,72.7,70.3,66.0,64.7,62.6,62.5,60.8,60.6,60.6,60.6
Not classified,INX,,,,,,,,,,,,,,,,,,,,,,,,,,,,,,,,,,,,,,,,,,,,,,,,,,,,,,,,,
Ireland,IRL,,,,,,,,,,,,,,,,,,,,,,,,,,,,,,,,,,,,,,,,,,,,,,25.4,25.4,25.4,25.5,25.6,25.8,25.5,25.6,25.8,26.0,26.0,26.0
"Iran, Islamic Rep.",IRN,,,,,,,,,,,,,,,,,,,,,,,,,,,,,,,,,,,,,,,,,,,,,,44.2,44.2,44.2,44.2,44.2,44.1,44.1,44.1,44.1,44.1,44.1,44.1
Iraq,IRQ,,,,,,,,,,,,,,,,,,,,,,,,,,,,,,,,,,,,,,,,,,,,,,24.2,27.8,27.8,27.8,27.8,27.8,27.8,27.8,27.8,27.8,27.8,27.8
Iceland,ISL,,,,,,,,,,,,,,,,,,,,,,,,,,,,,,,,,,,,,,,,,,,,,,26.8,26.8,26.3,26.1,24.4,26.4,30.3,31.1,29.8,30.3,30.1,30.1
Israel,ISR,,,,,,,,,,,,,,,,,,,,,,,,,,,,,,,,,,,,,,,,,,,,,,35.5,34.8,32.0,30.1,28.3,27.5,26.8,25.6,28.9,26.7,27.9,28.1
Italy,ITA,,,,,,,,,,,,,,,,,,,,,,,,,,,,,,,,,,,,,,,,,,,,,,76.7,75.3,75.3,72.5,67.6,67.6,67.6,67.6,65.6,65.2,64.8,62.0
Jamaica,JAM,,,,,,,,,,,,,,,,,,,,,,,,,,,,,,,,,,,,,,,,,,,,,,47.9,47.9,47.9,47.9,47.9,46.7,46.6,46.6,46.5,41.1,35.3,34.3
Jordan,JOR,,,,,,,,,,,,,,,,,,,,,,,,,,,,,,,,,,,,,,,,,,,,,,31.1,31.1,31.1,31.1,31.1,31.2,28.2,28.6,29.1,29.0,29.5,27.6
Japan,JPN,,,,,,,,,,,,,,,,,,,,,,,,,,,,,,,,,,,,,,,,,,,,,,51.7,51.7,51.7,54.7,55.0,47.7,47.7,48.5,49.8,50.4,50.4,48.9
Kazakhstan,KAZ,,,,,,,,,,,,,,,,,,,,,,,,,,,,,,,,,,,,,,,,,,,,,,45.0,45.0,41.9,42.0,36.2,29.8,29.0,29.0,28.9,28.9,29.2,29.2
Kenya,KEN,,,,,,,,,,,,,,,,,,,,,,,,,,,,,,,,,,,,,,,,,,,,,,49.8,49.8,49.3,49.3,49.3,49.3,48.9,43.7,37.4,37.1,37.1,37.4
Kyrgyz Republic,KGZ,,,,,,,,,,,,,,,,,,,,,,,,,,,,,,,,,,,,,,,,,,,,,,68.3,67.4,40.3,40.3,40.2,30.6,33.4,33.4,29.0,29.0,29.0,29.0
Cambodia,KHM,,,,,,,,,,,,,,,,,,,,,,,,,,,,,,,,,,,,,,,,,,,,,,21.5,21.5,21.5,21.5,22.6,22.6,22.6,22.6,21.0,21.0,21.0,21.0
Kiribati,KIR,,,,,,,,,,,,,,,,,,,,,,,,,,,,,,,,,,,,,,,,,,,,,,31.8,31.8,31.8,31.8,31.8,31.8,31.8,31.8,32.7,32.7,32.7,32.7
St. Kitts and Nevis,KNA,,,,,,,,,,,,,,,,,,,,,,,,,,,,,,,,,,,,,,,,,,,,,,52.3,52.3,52.5,52.5,52.5,52.5,52.5,51.9,51.6,49.7,49.7,49.7
"Korea, Rep.",KOR,,,,,,,,,,,,,,,,,,,,,,,,,,,,,,,,,,,,,,,,,,,,,,36.8,32.5,31.6,33.9,32.3,30.2,34.1,34.0,33.3,33.2,33.2,33.1
Kuwait,KWT,,,,,,,,,,,,,,,,,,,,,,,,,,,,,,,,,,,,,,,,,,,,,,10.7,10.7,10.7,10.7,10.7,10.7,10.7,12.4,12.4,12.8,13.0,13.0
Latin America & Caribbean (excluding high income),LAC,,,,,,,,,,,,,,,,,,,,,,,,,,,,,,,,,,,,,,,,,,,,,,49.92,49.376,49.288,48.752,48.856,48.368,48.744,48.656,49.068,49.476,48.956,47.408
Lao PDR,LAO,,,,,,,,,,,,,,,,,,,,,,,,,,,,,,,,,,,,,,,,,,,,,,35.2,35.2,35.2,33.5,31.4,31.4,31.4,31.4,26.3,25.8,25.3,26.2
Lebanon,LBN,,,,,,,,,,,,,,,,,,,,,,,,,,,,,,,,,,,,,,,,,,,,,,35.4,35.4,35.4,30.6,30.6,30.6,30.6,30.6,30.0,30.3,30.3,30.3
Liberia,LBR,,,,,,,,,,,,,,,,,,,,,,,,,,,,,,,,,,,,,,,,,,,,,,,42.5,42.2,42.5,42.5,42.5,42.5,25.3,28.6,31.4,45.6,45.9
Libya,LBY,,,,,,,,,,,,,,,,,,,,,,,,,,,,,,,,,,,,,,,,,,,,,,,,,,,,,32.4,32.8,32.6,32.6,32.6
St. Lucia,LCA,,,,,,,,,,,,,,,,,,,,,,,,,,,,,,,,,,,,,,,,,,,,,,35.7,34.0,34.0,34.0,34.4,34.0,34.4,34.6,34.7,34.7,34.7,34.7
Latin America & Caribbean,LCN,,,,,,,,,,,,,,,,,,,,,,,,,,,,,,,,,,,,,,,,,,,,,,49.8451612903,49.2741935484,48.8375,47.66875,47.54375,47.20625,47.0363636364,46.6545454545,47.0575757576,47.6242424242,47.0515151515,45.8212121212
Least developed countries: UN classification,LDC,,,,,,,,,,,,,,,,,,,,,,,,,,,,,,,,,,,,,,,,,,,,,,75.2,73.7720930233,72.8372093023,71.4953488372,71.3093023256,68.6627906977,57.3348837209,56.2577777778,49.1888888889,44.2822222222,44.3466666667,44.56
Low income,LIC,,,,,,,,,,,,,,,,,,,,,,,,,,,,,,,,,,,,,,,,,,,,,,89.8962962963,92.8178571429,92.0964285714,91.6821428571,91.2035714286,88.2678571429,71.2392857143,69.7413793103,59.0034482759,51.1379310345,51.3655172414,51.7379310345
Liechtenstein,LIE,,,,,,,,,,,,,,,,,,,,,,,,,,,,,,,,,,,,,,,,,,,,,,,,,,,,,,,,,
Sri Lanka,LKA,,,,,,,,,,,,,,,,,,,,,,,,,,,,,,,,,,,,,,,,,,,,,,56.7,59.8,61.7,61.7,61.7,96.6,112.9,55.3,57.0,55.4,55.2,55.2
Lower middle income,LMC,,,,,,,,,,,,,,,,,,,,,,,,,,,,,,,,,,,,,,,,,,,,,,49.7843137255,46.4294117647,45.2980392157,44.1862745098,42.5384615385,41.6692307692,41.7403846154,40.5641509434,40.1377358491,38.9679245283,38.8075471698,38.4849056604
Low & middle income,LMY,,,,,,,,,,,,,,,,,,,,,,,,,,,,,,,,,,,,,,,,,,,,,,57.1873015873,56.271875,55.27734375,54.440625,53.0953488372,51.5775193798,47.784496124,47.1893939394,44.3992424242,42.3666666667,42.3575757576,42.2159090909
Lesotho,LSO,,,,,,,,,,,,,,,,,,,,,,,,,,,,,,,,,,,,,,,,,,,,,,20.1,20.1,15.9,14.2,14.2,14.2,14.0,13.8,13.6,13.6,13.6,13.6
Late-demographic dividend,LTE,,,,,,,,,,,,,,,,,,,,,,,,,,,,,,,,,,,,,,,,,,,,,,44.9906976744,43.6,42.0021276596,40.4166666667,38.6979166667,38.0395833333,38.38125,37.1395833333,36.2625,36.3833333333,35.9708333333,35.8979166667
Lithuania,LTU,,,,,,,,,,,,,,,,,,,,,,,,,,,,,,,,,,,,,,,,,,,,,,51.2,47.6,46.2,45.6,43.6,45.1,43.1,43.0,42.9,42.4,42.6,42.7
Luxembourg,LUX,,,,,,,,,,,,,,,,,,,,,,,,,,,,,,,,,,,,,,,,,,,,,,,20.4,20.0,20.0,20.0,20.0,19.8,20.0,20.4,20.6,20.6,20.8
Latvia,LVA,,,,,,,,,,,,,,,,,,,,,,,,,,,,,,,,,,,,,,,,,,,,,,36.2,36.2,36.2,36.6,37.5,37.5,37.0,35.8,35.0,35.0,35.9,35.9
"Macao SAR, China",MAC,,,,,,,,,,,,,,,,,,,,,,,,,,,,,,,,,,,,,,,,,,,,,,,,,,,,,,,,,
St. Martin (French part),MAF,,,,,,,,,,,,,,,,,,,,,,,,,,,,,,,,,,,,,,,,,,,,,,,,,,,,,,,,,
Morocco,MAR,,,,,,,,,,,,,,,,,,,,,,,,,,,,,,,,,,,,,,,,,,,,,,51.7,51.7,52.9,52.9,49.4,49.7,49.7,49.7,48.8,49.0,49.1,49.3
Monaco,MCO,,,,,,,,,,,,,,,,,,,,,,,,,,,,,,,,,,,,,,,,,,,,,,,,,,,,,,,,,
Moldova,MDA,,,,,,,,,,,,,,,,,,,,,,,,,,,,,,,,,,,,,,,,,,,,,,47.5,45.5,42.5,42.0,31.0,30.4,30.8,30.8,39.7,39.4,39.9,40.4
Madagascar,MDG,,,,,,,,,,,,,,,,,,,,,,,,,,,,,,,,,,,,,,,,,,,,,,45.3,45.0,45.0,47.1,42.8,42.0,41.2,39.8,38.9,38.1,38.1,38.1
Maldives,MDV,,,,,,,,,,,,,,,,,,,,,,,,,,,,,,,,,,,,,,,,,,,,,,9.3,9.3,9.3,9.3,9.3,9.3,9.3,25.9,30.2,30.2,30.2,30.2
Middle East & North Africa,MEA,,,,,,,,,,,,,,,,,,,,,,,,,,,,,,,,,,,,,,,,,,,,,,45.5647058824,36.3705882353,33.6157894737,32.9263157895,32.6736842105,32.6052631579,31.39,32.1857142857,32.1619047619,32.3761904762,32.4523809524,32.1380952381
Mexico,MEX,,,,,,,,,,,,,,,,,,,,,,,,,,,,,,,,,,,,,,,,,,,,,,55.7,53.1,52.3,51.5,51.0,50.5,52.7,52.5,51.7,51.8,51.9,52.0
Marshall Islands,MHL,,,,,,,,,,,,,,,,,,,,,,,,,,,,,,,,,,,,,,,,,,,,,,64.8,64.8,64.8,64.8,64.8,64.8,64.8,64.8,64.8,64.8,64.8,64.8
Middle income,MIC,,,,,,,,,,,,,,,,,,,,,,,,,,,,,,,,,,,,,,,,,,,,,,47.992,45.7891089109,44.7287128713,43.7831683168,42.3176470588,41.2107843137,41.0862745098,40.6509615385,40.0855769231,39.6903846154,39.6307692308,39.3557692308
"Macedonia, FYR",MKD,,,,,,,,,,,,,,,,,,,,,,,,,,,,,,,,,,,,,,,,,,,,,,17.8,17.8,17.8,15.4,13.0,8.1,7.5,7.4,7.4,8.3,13.0,13.0
Mali,MLI,,,,,,,,,,,,,,,,,,,,,,,,,,,,,,,,,,,,,,,,,,,,,,51.4,51.4,51.4,51.4,51.4,51.4,51.1,51.1,48.3,48.3,48.3,48.3
Malta,MLT,,,,,,,,,,,,,,,,,,,,,,,,,,,,,,,,,,,,,,,,,,,,,,,,,,,,41.4,41.4,41.3,41.5,41.5,43.8
Myanmar,MMR,,,,,,,,,,,,,,,,,,,,,,,,,,,,,,,,,,,,,,,,,,,,,,,,,,,,,38.8,33.7,33.4,32.4,31.3
Middle East & North Africa (excluding high income),MNA,,,,,,,,,,,,,,,,,,,,,,,,,,,,,,,,,,,,,,,,,,,,,,56.6333333333,43.625,43.2833333333,42.35,42.1166666667,42.175,39.4416666667,40.0076923077,39.6615384615,40.1384615385,40.0,39.2076923077
Montenegro,MNE,,,,,,,,,,,,,,,,,,,,,,,,,,,,,,,,,,,,,,,,,,,,,,,33.2,33.2,33.8,30.1,29.2,24.6,21.8,21.6,21.8,21.8,22.2
Mongolia,MNG,,,,,,,,,,,,,,,,,,,,,,,,,,,,,,,,,,,,,,,,,,,,,,40.0,40.0,40.0,33.9,24.4,24.7,24.7,24.9,24.5,24.7,24.7,24.7
Northern Mariana Islands,MNP,,,,,,,,,,,,,,,,,,,,,,,,,,,,,,,,,,,,,,,,,,,,,,,,,,,,,,,,,
Mozambique,MOZ,,,,,,,,,,,,,,,,,,,,,,,,,,,,,,,,,,,,,,,,,,,,,,37.0,37.0,37.0,37.0,37.0,37.0,37.0,37.0,36.1,36.1,36.1,36.1
Mauritania,MRT,,,,,,,,,,,,,,,,,,,,,,,,,,,,,,,,,,,,,,,,,,,,,,94.7,94.7,94.7,85.8,85.8,68.2,68.2,68.2,65.6,71.3,71.3,71.3
Mauritius,MUS,,,,,,,,,,,,,,,,,,,,,,,,,,,,,,,,,,,,,,,,,,,,,,26.2,26.0,24.2,25.8,26.0,26.5,25.8,26.9,24.5,23.6,21.5,21.8
Malawi,MWI,,,,,,,,,,,,,,,,,,,,,,,,,,,,,,,,,,,,,,,,,,,,,,33.4,33.4,33.0,32.2,26.3,25.9,29.0,32.4,33.5,35.2,34.5,34.5
Malaysia,MYS,,,,,,,,,,,,,,,,,,,,,,,,,,,,,,,,,,,,,,,,,,,,,,36.0,36.0,36.0,34.5,33.5,33.9,34.1,34.6,39.1,39.3,40.0,40.0
North America,NAC,,,,,,,,,,,,,,,,,,,,,,,,,,,,,,,,,,,,,,,,,,,,,,46.5,46.05,45.0,45.25,44.15,34.25,33.55,33.25,31.85,32.45,32.5,32.5
Namibia,NAM,,,,,,,,,,,,,,,,,,,,,,,,,,,,,,,,,,,,,,,,,,,,,,25.8,25.8,25.8,22.8,22.3,22.3,21.8,21.8,21.2,20.7,21.3,20.7
New Caledonia,NCL,,,,,,,,,,,,,,,,,,,,,,,,,,,,,,,,,,,,,,,,,,,,,,,,,,,,,,,,,
Niger,NER,,,,,,,,,,,,,,,,,,,,,,,,,,,,,,,,,,,,,,,,,,,,,,42.5,42.5,42.6,42.5,46.7,46.7,44.3,44.3,47.3,47.8,48.2,48.2
Nigeria,NGA,,,,,,,,,,,,,,,,,,,,,,,,,,,,,,,,,,,,,,,,,,,,,,30.5,31.3,31.3,31.3,31.3,31.3,31.8,32.2,32.4,32.4,33.3,34.3
Nicaragua,NIC,,,,,,,,,,,,,,,,,,,,,,,,,,,,,,,,,,,,,,,,,,,,,,63.5,63.5,63.5,63.3,63.3,63.3,64.1,62.4,62.4,59.3,60.1,60.8
Netherlands,NLD,,,,,,,,,,,,,,,,,,,,,,,,,,,,,,,,,,,,,,,,,,,,,,47.7,44.6,41.8,38.2,38.5,39.4,39.6,39.2,39.5,39.0,41.0,40.4
Norway,NOR,,,,,,,,,,,,,,,,,,,,,,,,,,,,,,,,,,,,,,,,,,,,,,41.1,41.1,41.1,40.7,40.7,40.7,40.7,40.7,40.7,40.4,39.5,39.5
Nepal,NPL,,,,,,,,,,,,,,,,,,,,,,,,,,,,,,,,,,,,,,,,,,,,,,32.5,32.5,32.8,34.1,32.5,31.7,31.5,31.5,29.5,29.5,29.5,29.5
Nauru,NRU,,,,,,,,,,,,,,,,,,,,,,,,,,,,,,,,,,,,,,,,,,,,,,,,,,,,,,,,,
New Zealand,NZL,,,,,,,,,,,,,,,,,,,,,,,,,,,,,,,,,,,,,,,,,,,,,,36.6,35.4,35.5,36.0,33.2,34.7,34.4,34.0,34.4,34.4,34.3,34.3
OECD members,OED,,,,,,,,,,,,,,,,,,,,,,,,,,,,,,,,,,,,,,,,,,,,,,46.4117647059,44.6514285714,43.9885714286,43.5857142857,42.7628571429,41.7657142857,41.3485714286,41.66,41.5514285714,41.7428571429,41.2542857143,41.0542857143
Oman,OMN,,,,,,,,,,,,,,,,,,,,,,,,,,,,,,,,,,,,,,,,,,,,,,19.5,20.3,21.6,21.6,21.6,21.6,22.0,22.0,23.0,22.9,23.4,23.9
Other small states,OSS,,,,,,,,,,,,,,,,,,,,,,,,,,,,,,,,,,,,,,,,,,,,,,59.7105263158,57.3428571429,53.247826087,51.0166666667,49.2916666667,47.4833333333,46.768,47.3230769231,46.5038461538,38.2461538462,37.7461538462,38.8846153846
Pakistan,PAK,,,,,,,,,,,,,,,,,,,,,,,,,,,,,,,,,,,,,,,,,,,,,,46.7,43.9,43.7,31.6,34.5,33.8,39.1,39.1,32.4,32.6,32.9,33.3
Panama,PAN,,,,,,,,,,,,,,,,,,,,,,,,,,,,,,,,,,,,,,,,,,,,,,43.9,44.1,44.7,43.8,43.8,43.8,43.6,40.5,37.0,37.2,37.2,37.2
Peru,PER,,,,,,,,,,,,,,,,,,,,,,,,,,,,,,,,,,,,,,,,,,,,,,38.9,38.8,38.8,39.1,38.2,38.2,37.6,37.4,36.0,37.3,37.3,35.6
Philippines,PHL,,,,,,,,,,,,,,,,,,,,,,,,,,,,,,,,,,,,,,,,,,,,,,47.2,47.6,49.1,47.1,47.1,43.8,44.5,44.5,42.5,42.5,42.9,42.9
Palau,PLW,,,,,,,,,,,,,,,,,,,,,,,,,,,,,,,,,,,,,,,,,,,,,,72.5,72.5,72.5,72.5,72.5,72.5,72.5,75.2,75.0,75.4,75.4,75.4
Papua New Guinea,PNG,,,,,,,,,,,,,,,,,,,,,,,,,,,,,,,,,,,,,,,,,,,,,,41.5,41.5,41.5,41.5,42.1,42.1,42.1,42.1,39.3,39.3,39.3,39.3
Poland,POL,,,,,,,,,,,,,,,,,,,,,,,,,,,,,,,,,,,,,,,,,,,,,,43.2,43.2,43.4,45.1,42.2,40.6,40.1,40.3,40.1,40.1,40.3,40.4
Pre-demographic dividend,PRE,,,,,,,,,,,,,,,,,,,,,,,,,,,,,,,,,,,,,,,,,,,,,,83.3441176471,85.6085714286,84.4857142857,82.9171428571,82.8342857143,79.9542857143,66.4314285714,65.0416666667,56.5611111111,50.2,50.3805555556,51.7472222222
Puerto Rico,PRI,,,,,,,,,,,,,,,,,,,,,,,,,,,,,,,,,,,,,,,,,,,,,,57.6,57.6,57.6,60.6,60.6,63.6,63.1,50.4,49.6,66.0,65.8,62.3
"Korea, Dem. Peopleâ€™s Rep.",PRK,,,,,,,,,,,,,,,,,,,,,,,,,,,,,,,,,,,,,,,,,,,,,,,,,,,,,,,,,
Portugal,PRT,,,,,,,,,,,,,,,,,,,,,,,,,,,,,,,,,,,,,,,,,,,,,,43.8,43.8,42.9,42.5,42.3,42.6,42.6,41.9,42.3,42.3,40.9,39.8
Paraguay,PRY,,,,,,,,,,,,,,,,,,,,,,,,,,,,,,,,,,,,,,,,,,,,,,54.5,44.8,35.1,35.0,35.0,35.0,35.0,35.0,35.0,35.0,35.0,35.0
West Bank and Gaza,PSE,,,,,,,,,,,,,,,,,,,,,,,,,,,,,,,,,,,,,,,,,,,,,,22.5,18.1,16.8,16.5,16.5,16.5,0.4,16.5,16.5,15.3,15.3,15.3
Pacific island small states,PSS,,,,,,,,,,,,,,,,,,,,,,,,,,,,,,,,,,,,,,,,,,,,,,39.0555555556,39.0555555556,38.9555555556,38.8555555556,38.6333333333,38.4777777778,38.4,38.6222222222,39.1777777778,39.2444444444,39.2444444444,39.5111111111
Post-demographic dividend,PST,,,,,,,,,,,,,,,,,,,,,,,,,,,,,,,,,,,,,,,,,,,,,,49.4696969697,47.3088235294,46.2411764706,45.7823529412,43.75,41.9764705882,40.6,40.3055555556,40.3444444444,40.45,39.9638888889,39.8555555556
French Polynesia,PYF,,,,,,,,,,,,,,,,,,,,,,,,,,,,,,,,,,,,,,,,,,,,,,,,,,,,,,,,,
Qatar,QAT,,,,,,,,,,,,,,,,,,,,,,,,,,,,,,,,,,,,,,,,,,,,,,,,11.3,11.3,11.3,11.3,11.3,11.3,11.3,11.3,11.3,11.3
Romania,ROU,,,,,,,,,,,,,,,,,,,,,,,,,,,,,,,,,,,,,,,,,,,,,,55.8,48.2,45.6,45.4,45.5,44.0,43.5,43.3,43.2,43.2,42.0,38.4
Russian Federation,RUS,,,,,,,,,,,,,,,,,,,,,,,,,,,,,,,,,,,,,,,,,,,,,,60.0,51.2,51.2,48.3,48.3,46.5,46.9,54.1,48.7,48.9,47.0,47.4
Rwanda,RWA,,,,,,,,,,,,,,,,,,,,,,,,,,,,,,,,,,,,,,,,,,,,,,41.2,41.2,37.2,37.1,34.7,34.7,34.7,34.5,33.0,33.0,33.0,33.0
South Asia,SAS,,,,,,,,,,,,,,,,,,,,,,,,,,,,,,,,,,,,,,,,,,,,,,40.5875,41.55,41.8875,40.125,39.6125,43.625,46.0375,40.9,39.1875,39.4375,39.325,40.85
Saudi Arabia,SAU,,,,,,,,,,,,,,,,,,,,,,,,,,,,,,,,,,,,,,,,,,,,,,14.9,14.6,14.6,14.6,14.7,14.7,14.7,14.7,14.6,14.6,15.0,15.7
Sudan,SDN,,,,,,,,,,,,,,,,,,,,,,,,,,,,,,,,,,,,,,,,,,,,,,49.7,36.1,36.1,36.1,36.1,36.1,36.1,36.1,45.4,45.4,45.4,45.4
Senegal,SEN,,,,,,,,,,,,,,,,,,,,,,,,,,,,,,,,,,,,,,,,,,,,,,50.3,45.5,45.5,45.5,45.5,45.5,45.5,45.5,45.3,45.1,47.3,45.1
Singapore,SGP,,,,,,,,,,,,,,,,,,,,,,,,,,,,,,,,,,,,,,,,,,,,,,26.2,22.4,21.8,24.2,24.1,23.4,23.8,18.4,18.6,18.0,18.0,19.1
Solomon Islands,SLB,,,,,,,,,,,,,,,,,,,,,,,,,,,,,,,,,,,,,,,,,,,,,,26.1,26.1,26.1,26.1,26.1,26.2,26.2,25.3,32.0,32.0,32.0,32.0
Sierra Leone,SLE,,,,,,,,,,,,,,,,,,,,,,,,,,,,,,,,,,,,,,,,,,,,,,272.0,272.0,235.2,235.2,235.2,235.2,32.4,32.4,31.0,31.0,31.0,31.0
El Salvador,SLV,,,,,,,,,,,,,,,,,,,,,,,,,,,,,,,,,,,,,,,,,,,,,,34.8,34.8,34.8,34.8,34.8,34.8,34.8,34.8,38.7,38.8,38.8,38.8
San Marino,SMR,,,,,,,,,,,,,,,,,,,,,,,,,,,,,,,,,,,,,,,,,,,,,,,,,,,,,40.1,40.1,40.1,40.5,35.4
Somalia,SOM,,,,,,,,,,,,,,,,,,,,,,,,,,,,,,,,,,,,,,,,,,,,,,,,,,,,,,,,,
Serbia,SRB,,,,,,,,,,,,,,,,,,,,,,,,,,,,,,,,,,,,,,,,,,,,,,32.9,32.9,32.9,31.2,31.2,33.3,33.3,33.3,33.2,38.6,39.7,39.7
Sub-Saharan Africa (excluding high income),SSA,,,,,,,,,,,,,,,,,,,,,,,,,,,,,,,,,,,,,,,,,,,,,,72.0863636364,73.98,73.2644444444,72.6355555556,72.1577777778,69.4311111111,58.8666666667,58.15,51.2826086957,46.297826087,46.4913043478,47.3260869565
South Sudan,SSD,,,,,,,,,,,,,,,,,,,,,,,,,,,,,,,,,,,,,,,,,,,,,,,,,,,,,26.4,29.2,29.0,29.0,29.1
Sub-Saharan Africa,SSF,,,,,,,,,,,,,,,,,,,,,,,,,,,,,,,,,,,,,,,,,,,,,,71.56,73.4239130435,72.7239130435,72.0695652174,71.547826087,68.8347826087,58.2391304348,57.4127659574,50.7340425532,45.9468085106,46.1425531915,46.9595744681
Small states,SST,,,,,,,,,,,,,,,,,,,,,,,,,,,,,,,,,,,,,,,,,,,,,,49.7820512821,48.9195121951,46.8818181818,45.7533333333,44.6422222222,43.4666666667,42.9361702128,43.34375,42.95625,38.2208333333,37.7041666667,38.3125
Sao Tome and Principe,STP,,,,,,,,,,,,,,,,,,,,,,,,,,,,,,,,,,,,,,,,,,,,,,46.7,49.8,51.5,51.5,50.7,37.9,37.9,37.9,38.2,37.8,37.4,37.4
Suriname,SUR,,,,,,,,,,,,,,,,,,,,,,,,,,,,,,,,,,,,,,,,,,,,,,27.9,27.9,27.9,27.9,27.9,27.9,27.9,27.9,27.9,27.9,27.9,27.9
Slovak Republic,SVK,,,,,,,,,,,,,,,,,,,,,,,,,,,,,,,,,,,,,,,,,,,,,,50.0,48.6,48.6,48.5,49.4,50.0,50.2,50.2,49.3,51.8,51.7,51.6
Slovenia,SVN,,,,,,,,,,,,,,,,,,,,,,,,,,,,,,,,,,,,,,,,,,,,,,39.2,39.2,38.4,34.9,35.8,33.6,32.9,32.9,31.4,31.0,31.0,31.0
Sweden,SWE,,,,,,,,,,,,,,,,,,,,,,,,,,,,,,,,,,,,,,,,,,,,,,54.1,54.1,53.8,53.8,53.9,52.1,52.1,52.1,52.1,49.1,49.1,49.1
Swaziland,SWZ,,,,,,,,,,,,,,,,,,,,,,,,,,,,,,,,,,,,,,,,,,,,,,36.6,36.6,36.6,36.6,36.6,36.8,37.6,36.8,36.7,36.9,34.7,35.1
Sint Maarten (Dutch part),SXM,,,,,,,,,,,,,,,,,,,,,,,,,,,,,,,,,,,,,,,,,,,,,,,,,,,,,,,,,
Seychelles,SYC,,,,,,,,,,,,,,,,,,,,,,,,,,,,,,,,,,,,,,,,,,,,,,48.4,48.4,48.4,46.6,44.1,42.0,30.0,23.5,25.5,29.8,30.1,30.1
Syrian Arab Republic,SYR,,,,,,,,,,,,,,,,,,,,,,,,,,,,,,,,,,,,,,,,,,,,,,43.5,43.5,43.5,40.5,39.9,39.9,39.9,39.9,39.9,42.7,42.7,42.7
Turks and Caicos Islands,TCA,,,,,,,,,,,,,,,,,,,,,,,,,,,,,,,,,,,,,,,,,,,,,,,,,,,,,,,,,
Chad,TCD,,,,,,,,,,,,,,,,,,,,,,,,,,,,,,,,,,,,,,,,,,,,,,74.0,74.0,74.0,71.3,71.3,75.8,75.8,75.7,72.4,63.5,63.5,63.5
East Asia & Pacific (IDA & IBRD countries),TEA,,,,,,,,,,,,,,,,,,,,,,,,,,,,,,,,,,,,,,,,,,,,,,40.815,40.88,40.925,39.46,37.655,36.2,36.79,36.8428571429,36.2047619048,36.3285714286,36.1666666667,36.3238095238
Europe & Central Asia (IDA & IBRD countries),TEC,,,,,,,,,,,,,,,,,,,,,,,,,,,,,,,,,,,,,,,,,,,,,,55.085,52.4904761905,48.1,47.6666666667,42.7681818182,39.7909090909,38.7772727273,38.7909090909,37.2727272727,34.5227272727,35.0136363636,33.9863636364
Togo,TGO,,,,,,,,,,,,,,,,,,,,,,,,,,,,,,,,,,,,,,,,,,,,,,52.5,52.5,52.6,52.6,52.5,50.3,48.9,48.9,48.9,50.3,48.5,48.5
Thailand,THA,,,,,,,,,,,,,,,,,,,,,,,,,,,,,,,,,,,,,,,,,,,,,,40.5,40.6,40.5,40.7,40.0,40.0,44.6,44.4,29.2,31.8,32.6,32.6
Tajikistan,TJK,,,,,,,,,,,,,,,,,,,,,,,,,,,,,,,,,,,,,,,,,,,,,,79.9,79.9,80.0,83.4,83.8,84.0,84.5,84.5,80.9,81.8,81.8,65.2
Turkmenistan,TKM,,,,,,,,,,,,,,,,,,,,,,,,,,,,,,,,,,,,,,,,,,,,,,,,,,,,,,,,,
Latin America & the Caribbean (IDA & IBRD countries),TLA,,,,,,,,,,,,,,,,,,,,,,,,,,,,,,,,,,,,,,,,,,,,,,49.5866666667,48.9966666667,48.7433333333,47.3966666667,47.2633333333,46.8033333333,46.9833333333,46.9966666667,47.34,47.6633333333,47.28,46.0433333333
Timor-Leste,TLS,,,,,,,,,,,,,,,,,,,,,,,,,,,,,,,,,,,,,,,,,,,,,,48.9,48.9,48.9,33.1,11.2,11.2,11.2,11.2,11.2,11.2,11.2,11.2
Middle East & North Africa (IDA & IBRD countries),TMN,,,,,,,,,,,,,,,,,,,,,,,,,,,,,,,,,,,,,,,,,,,,,,59.7363636364,45.9454545455,45.6909090909,44.7,44.4454545455,44.5090909091,42.9909090909,41.9666666667,41.5916666667,42.2083333333,42.0583333333,41.2
Tonga,TON,,,,,,,,,,,,,,,,,,,,,,,,,,,,,,,,,,,,,,,,,,,,,,27.5,27.5,27.5,27.5,25.8,26.2,26.2,26.2,30.1,30.1,30.1,30.1
South Asia (IDA & IBRD),TSA,,,,,,,,,,,,,,,,,,,,,,,,,,,,,,,,,,,,,,,,,,,,,,40.5875,41.55,41.8875,40.125,39.6125,43.625,46.0375,40.9,39.1875,39.4375,39.325,40.85
Sub-Saharan Africa (IDA & IBRD countries),TSS,,,,,,,,,,,,,,,,,,,,,,,,,,,,,,,,,,,,,,,,,,,,,,71.56,73.4239130435,72.7239130435,72.0695652174,71.547826087,68.8347826087,58.2391304348,57.4127659574,50.7340425532,45.9468085106,46.1425531915,46.9595744681
Trinidad and Tobago,TTO,,,,,,,,,,,,,,,,,,,,,,,,,,,,,,,,,,,,,,,,,,,,,,39.2,39.2,35.0,36.3,36.3,35.0,31.0,31.0,31.5,32.0,32.2,32.2
Tunisia,TUN,,,,,,,,,,,,,,,,,,,,,,,,,,,,,,,,,,,,,,,,,,,,,,61.2,61.2,61.2,59.1,62.8,62.8,62.8,62.8,62.4,62.8,60.2,60.2
Turkey,TUR,,,,,,,,,,,,,,,,,,,,,,,,,,,,,,,,,,,,,,,,,,,,,,53.1,52.7,44.5,44.5,43.5,43.5,40.2,40.2,39.7,40.5,41.1,41.1
Tuvalu,TUV,,,,,,,,,,,,,,,,,,,,,,,,,,,,,,,,,,,,,,,,,,,,,,,,,,,,,,,,,
Tanzania,TZA,,,,,,,,,,,,,,,,,,,,,,,,,,,,,,,,,,,,,,,,,,,,,,43.8,43.8,43.9,44.4,44.4,44.4,44.9,44.9,44.3,44.3,43.9,43.9
Uganda,UGA,,,,,,,,,,,,,,,,,,,,,,,,,,,,,,,,,,,,,,,,,,,,,,36.7,35.0,36.6,35.4,36.6,36.6,33.5,33.5,36.5,33.5,33.5,33.5
Ukraine,UKR,,,,,,,,,,,,,,,,,,,,,,,,,,,,,,,,,,,,,,,,,,,,,,57.3,57.0,56.6,57.2,57.2,55.5,57.1,55.4,54.4,52.7,52.2,51.9
Upper middle income,UMC,,,,,,,,,,,,,,,,,,,,,,,,,,,,,,,,,,,,,,,,,,,,,,46.1265306122,45.136,44.148,43.372,42.088,40.734,40.406,40.7411764706,40.031372549,40.4411764706,40.4862745098,40.2607843137
Uruguay,URY,,,,,,,,,,,,,,,,,,,,,,,,,,,,,,,,,,,,,,,,,,,,,,71.3,71.3,71.3,43.0,41.9,41.9,41.9,41.9,41.8,41.8,41.8,41.8
United States,USA,,,,,,,,,,,,,,,,,,,,,,,,,,,,,,,,,,,,,,,,,,,,,,45.5,47.1,45.7,46.4,46.0,46.5,46.4,46.4,43.8,43.8,43.9,44.0
Uzbekistan,UZB,,,,,,,,,,,,,,,,,,,,,,,,,,,,,,,,,,,,,,,,,,,,,,96.7,112.1,90.3,89.8,95.0,95.8,97.7,98.7,93.7,42.1,41.1,38.1
St. Vincent and the Grenadines,VCT,,,,,,,,,,,,,,,,,,,,,,,,,,,,,,,,,,,,,,,,,,,,,,45.0,45.0,45.0,42.6,41.0,38.7,38.7,38.7,38.6,38.6,39.3,39.3
"Venezuela, RB",VEN,,,,,,,,,,,,,,,,,,,,,,,,,,,,,,,,,,,,,,,,,,,,,,50.2,49.8,53.6,55.6,60.4,51.9,62.8,61.8,65.4,65.4,65.0,64.7
British Virgin Islands,VGB,,,,,,,,,,,,,,,,,,,,,,,,,,,,,,,,,,,,,,,,,,,,,,,,,,,,,,,,,
Virgin Islands (U.S.),VIR,,,,,,,,,,,,,,,,,,,,,,,,,,,,,,,,,,,,,,,,,,,,,,,,,,,,,,,,,
Vietnam,VNM,,,,,,,,,,,,,,,,,,,,,,,,,,,,,,,,,,,,,,,,,,,,,,39.9,39.9,39.9,39.9,39.9,33.0,39.9,35.3,40.8,40.8,39.4,39.4
Vanuatu,VUT,,,,,,,,,,,,,,,,,,,,,,,,,,,,,,,,,,,,,,,,,,,,,,8.4,8.4,8.4,8.4,8.4,8.4,8.4,8.4,8.5,8.5,8.5,8.5
World,WLD,,,,,,,,,,,,,,,,,,,,,,,,,,,,,,,,,,,,,,,,,,,,,,53.3545977011,52.2398876404,50.9613259669,50.0,48.8202185792,47.4912568306,44.5578378378,44.1100529101,42.1666666667,40.8428571429,40.7021164021,40.5513227513
Samoa,WSM,,,,,,,,,,,,,,,,,,,,,,,,,,,,,,,,,,,,,,,,,,,,,,19.3,19.3,19.3,18.4,18.4,18.4,18.4,18.4,18.4,18.1,18.1,18.5
Kosovo,XKX,,,,,,,,,,,,,,,,,,,,,,,,,,,,,,,,,,,,,,,,,,,,,,,,,,28.3,16.5,15.8,15.6,15.4,15.4,15.2,15.2
"Yemen, Rep.",YEM,,,,,,,,,,,,,,,,,,,,,,,,,,,,,,,,,,,,,,,,,,,,,,196.7,49.4,49.4,49.3,49.3,49.3,34.5,33.6,33.3,33.1,33.1,33.1
South Africa,ZAF,,,,,,,,,,,,,,,,,,,,,,,,,,,,,,,,,,,,,,,,,,,,,,37.1,36.6,36.1,33.3,30.0,30.2,31.8,32.0,28.7,28.9,28.8,28.8
Zambia,ZMB,,,,,,,,,,,,,,,,,,,,,,,,,,,,,,,,,,,,,,,,,,,,,,15.4,15.4,15.0,15.0,15.0,14.3,14.4,16.2,15.9,15.5,18.6,18.6
Zimbabwe,ZWE,,,,,,,,,,,,,,,,,,,,,,,,,,,,,,,,,,,,,,,,,,,,,,30.1,30.2,49.3,66.3,36.1,37.0,32.5,32.7,32.4,32.5,32.8,32.8
