Country Name,Country Code,UndNour_1960,UndNour_1961,UndNour_1962,UndNour_1963,UndNour_1964,UndNour_1965,UndNour_1966,UndNour_1967,UndNour_1968,UndNour_1969,UndNour_1970,UndNour_1971,UndNour_1972,UndNour_1973,UndNour_1974,UndNour_1975,UndNour_1976,UndNour_1977,UndNour_1978,UndNour_1979,UndNour_1980,UndNour_1981,UndNour_1982,UndNour_1983,UndNour_1984,UndNour_1985,UndNour_1986,UndNour_1987,UndNour_1988,UndNour_1989,UndNour_1990,UndNour_1991,UndNour_1992,UndNour_1993,UndNour_1994,UndNour_1995,UndNour_1996,UndNour_1997,UndNour_1998,UndNour_1999,UndNour_2000,UndNour_2001,UndNour_2002,UndNour_2003,UndNour_2004,UndNour_2005,UndNour_2006,UndNour_2007,UndNour_2008,UndNour_2009,UndNour_2010,UndNour_2011,UndNour_2012,UndNour_2013,UndNour_2014,UndNour_2015
Aruba,ABW,,,,,,,,,,,,,,,,,,,,,,,,,,,,,,,,,,,,,,,,,,,,,,,,,,,,,,,,
Afghanistan,AFG,,,,,,,,,,,,,,,,,,,,,,,,,,,,,,,,29.5,35.6,39.2,43.3,45.4,45.6,45.0,44.0,43.8,45.2,46.7,46.7,43.6,39.3,35.2,32.3,29.9,27.7,26.0,24.7,24.3,24.4,25.1,26.0,26.8
Angola,AGO,,,,,,,,,,,,,,,,,,,,,,,,,,,,,,,,63.5,64.5,64.6,64.4,62.2,59.5,56.8,54.8,53.1,51.1,48.9,45.8,41.8,37.7,34.2,31.3,28.6,25.8,23.1,20.7,18.9,17.5,16.5,15.3,14.2
Albania,ALB,,,,,,,,,,,,,,,,,,,,,,,,,,,,,,,,,,,,,,,,,,,,,,,,,,,,,,,,
Andorra,AND,,,,,,,,,,,,,,,,,,,,,,,,,,,,,,,,,,,,,,,,,,,,,,,,,,,,,,,,
Arab World,ARB,,,,,,,,,,,,,,,,,,,,,,,,,,,,,,,,8.34977944823,8.66444951234,8.9193290316,9.52998262619,9.84364633554,10.1078071235,10.3033189579,10.4260929084,10.3531689649,10.1595441632,9.97565737878,9.92431278924,9.9404705853,9.96901224833,9.94333318639,9.93089182723,9.80223682752,9.6768597452,9.48040730061,9.29510204146,9.13418250352,9.01590806879,8.96321073687,8.93976102035,8.92462690479
United Arab Emirates,ARE,,,,,,,,,,,,,,,,,,,,,,,,,,,,,,,,5.0,5.0,5.0,5.0,5.0,5.0,5.0,5.0,5.0,5.0,5.0,5.0,5.0,5.0,5.0,5.0,5.0,5.0,5.0,5.0,5.0,5.0,5.0,5.0,5.0
Argentina,ARG,,,,,,,,,,,,,,,,,,,,,,,,,,,,,,,,5.0,5.0,5.0,5.0,5.0,5.0,5.0,5.0,5.0,5.0,5.0,5.0,5.0,5.0,5.0,5.0,5.0,5.0,5.0,5.0,5.0,5.0,5.0,5.0,5.0
Armenia,ARM,,,,,,,,,,,,,,,,,,,,,,,,,,,,,,,,27.3,27.3,27.3,27.3,22.7,19.6,17.0,17.4,19.0,21.4,23.0,22.3,19.2,14.7,10.9,8.2,6.7,6.1,6.1,6.5,6.8,6.8,6.7,6.3,5.8
American Samoa,ASM,,,,,,,,,,,,,,,,,,,,,,,,,,,,,,,,,,,,,,,,,,,,,,,,,,,,,,,,
Antigua and Barbuda,ATG,,,,,,,,,,,,,,,,,,,,,,,,,,,,,,,,,,,,,,,,,,,,,,,,,,,,,,,,
Australia,AUS,,,,,,,,,,,,,,,,,,,,,,,,,,,,,,,,,,,,,,,,,,,,,,,,,,,,,,,,
Austria,AUT,,,,,,,,,,,,,,,,,,,,,,,,,,,,,,,,,,,,,,,,,,,,,,,,,,,,,,,,
Azerbaijan,AZE,,,,,,,,,,,,,,,,,,,,,,,,,,,,,,,,23.6,23.6,23.6,23.6,25.4,27.4,27.9,28.5,26.5,22.5,17.1,12.8,9.4,6.7,5.0,5.0,5.0,5.0,5.0,5.0,5.0,5.0,5.0,5.0,5.0
Burundi,BDI,,,,,,,,,,,,,,,,,,,,,,,,,,,,,,,,,,,,,,,,,,,,,,,,,,,,,,,,
Belgium,BEL,,,,,,,,,,,,,,,,,,,,,,,,,,,,,,,,,,,,,,,,,,,,,,,,,,,,,,,,
Benin,BEN,,,,,,,,,,,,,,,,,,,,,,,,,,,,,,,,28.1,27.7,28.5,28.2,27.5,26.3,25.4,25.0,24.6,23.9,22.4,20.6,18.6,17.2,15.9,15.0,14.0,13.0,12.5,12.1,11.9,10.8,9.4,8.1,7.5
Burkina Faso,BFA,,,,,,,,,,,,,,,,,,,,,,,,,,,,,,,,26.0,24.5,23.2,21.9,21.1,20.9,21.9,23.5,25.3,26.6,27.6,28.0,27.6,26.8,25.9,25.5,24.8,24.2,23.3,22.5,21.7,21.2,20.8,20.7,20.7
Bangladesh,BGD,,,,,,,,,,,,,,,,,,,,,,,,,,,,,,,,32.8,33.2,34.7,36.3,36.9,36.1,34.1,30.8,26.9,23.1,20.6,19.1,18.3,17.5,17.1,16.8,16.9,17.0,17.2,17.2,17.3,17.3,17.2,16.9,16.4
Bulgaria,BGR,,,,,,,,,,,,,,,,,,,,,,,,,,,,,,,,,,,,,,,,,,,,,,,,,,,,,,,,
Bahrain,BHR,,,,,,,,,,,,,,,,,,,,,,,,,,,,,,,,,,,,,,,,,,,,,,,,,,,,,,,,
"Bahamas, The",BHS,,,,,,,,,,,,,,,,,,,,,,,,,,,,,,,,,,,,,,,,,,,,,,,,,,,,,,,,
Bosnia and Herzegovina,BIH,,,,,,,,,,,,,,,,,,,,,,,,,,,,,,,,,,,,,,,,,,,,,,,,,,,,,,,,
Belarus,BLR,,,,,,,,,,,,,,,,,,,,,,,,,,,,,,,,,,,,,,,,,,,,,,,,,,,,,,,,
Belize,BLZ,,,,,,,,,,,,,,,,,,,,,,,,,,,,,,,,9.7,8.5,7.3,6.6,6.5,6.7,7.0,7.2,7.0,6.5,5.8,5.3,5.0,5.0,5.0,5.0,5.1,5.4,5.7,5.7,5.7,5.9,6.2,6.3,6.2
Bermuda,BMU,,,,,,,,,,,,,,,,,,,,,,,,,,,,,,,,,,,,,,,,,,,,,,,,,,,,,,,,
Bolivia,BOL,,,,,,,,,,,,,,,,,,,,,,,,,,,,,,,,38.0,35.9,36.5,35.7,35.3,33.7,34.1,35.0,36.0,34.6,32.8,31.0,30.8,31.0,31.1,29.9,28.7,28.0,28.0,27.0,24.5,21.1,18.3,16.6,15.9
Brazil,BRA,,,,,,,,,,,,,,,,,,,,,,,,,,,,,,,,14.8,14.3,14.3,14.1,13.8,13.6,13.3,13.1,12.9,12.3,11.2,9.6,7.8,6.1,5.0,5.0,5.0,5.0,5.0,5.0,5.0,5.0,5.0,5.0,5.0
Barbados,BRB,,,,,,,,,,,,,,,,,,,,,,,,,,,,,,,,5.0,5.0,5.0,5.0,5.0,5.0,5.0,5.0,5.0,5.0,5.2,5.4,6.0,6.3,6.9,6.7,6.3,5.3,5.0,5.0,5.0,5.0,5.0,5.0,5.0
Brunei Darussalam,BRN,,,,,,,,,,,,,,,,,,,,,,,,,,,,,,,,5.0,5.0,5.0,5.0,5.0,5.0,5.0,5.0,5.0,5.0,5.0,5.0,5.0,5.0,5.0,5.0,5.0,5.0,5.0,5.0,5.0,5.0,5.0,5.0,5.0
Bhutan,BTN,,,,,,,,,,,,,,,,,,,,,,,,,,,,,,,,,,,,,,,,,,,,,,,,,,,,,,,,
Botswana,BWA,,,,,,,,,,,,,,,,,,,,,,,,,,,,,,,,25.1,26.7,28.6,30.4,30.1,29.6,30.0,32.1,34.5,35.6,36.0,35.5,35.1,34.0,32.8,32.2,32.4,32.5,31.8,30.4,28.7,27.0,25.8,24.8,24.1
Central African Republic,CAF,,,,,,,,,,,,,,,,,,,,,,,,,,,,,,,,47.3,47.6,48.4,49.2,49.6,49.4,48.2,46.8,45.0,44.1,42.9,42.5,42.2,42.3,41.8,40.6,39.0,37.1,35.3,34.1,33.7,35.3,39.4,44.5,47.7
Canada,CAN,,,,,,,,,,,,,,,,,,,,,,,,,,,,,,,,,,,,,,,,,,,,,,,,,,,,,,,,
Central Europe and the Baltics,CEB,,,,,,,,,,,,,,,,,,,,,,,,,,,,,,,,,,,,,,,,,,,,,,,,,,,,,,,,
Switzerland,CHE,,,,,,,,,,,,,,,,,,,,,,,,,,,,,,,,,,,,,,,,,,,,,,,,,,,,,,,,
Channel Islands,CHI,,,,,,,,,,,,,,,,,,,,,,,,,,,,,,,,,,,,,,,,,,,,,,,,,,,,,,,,
Chile,CHL,,,,,,,,,,,,,,,,,,,,,,,,,,,,,,,,9.0,8.1,7.1,6.3,5.8,5.5,5.3,5.2,5.1,5.0,5.0,5.0,5.0,5.0,5.0,5.0,5.0,5.0,5.0,5.0,5.0,5.0,5.0,5.0,5.0
China,CHN,,,,,,,,,,,,,,,,,,,,,,,,,,,,,,,,23.9,24.5,23.4,22.0,20.1,18.5,17.6,16.9,16.5,16.2,16.0,15.9,15.9,15.8,15.6,15.3,14.8,14.1,13.3,12.5,11.7,11.0,10.4,9.8,9.3
Cote d'Ivoire,CIV,,,,,,,,,,,,,,,,,,,,,,,,,,,,,,,,10.7,10.8,11.2,11.7,11.6,11.5,11.6,12.3,13.6,14.9,16.3,16.7,16.5,15.6,14.8,14.1,13.9,14.1,14.5,14.7,14.5,14.1,13.7,13.4,13.3
Cameroon,CMR,,,,,,,,,,,,,,,,,,,,,,,,,,,,,,,,37.8,37.5,36.7,37.5,38.0,38.0,37.1,35.5,34.0,32.3,30.8,29.0,27.1,25.0,23.1,21.0,18.8,16.9,15.0,13.4,11.9,10.8,10.4,10.2,9.9
"Congo, Dem. Rep.",COD,,,,,,,,,,,,,,,,,,,,,,,,,,,,,,,,,,,,,,,,,,,,,,,,,,,,,,,,
"Congo, Rep.",COG,,,,,,,,,,,,,,,,,,,,,,,,,,,,,,,,43.2,43.3,43.6,44.3,45.0,45.4,45.0,43.2,39.9,35.9,32.0,29.2,27.6,28.5,30.2,32.8,33.3,33.3,32.5,31.5,29.9,28.3,28.0,29.0,30.5
Colombia,COL,,,,,,,,,,,,,,,,,,,,,,,,,,,,,,,,14.6,13.8,12.8,11.7,10.7,10.2,10.0,10.1,10.2,9.9,9.6,9.0,8.9,8.9,9.5,9.7,9.4,9.2,9.6,10.7,11.2,11.1,10.3,9.5,8.8
Comoros,COM,,,,,,,,,,,,,,,,,,,,,,,,,,,,,,,,,,,,,,,,,,,,,,,,,,,,,,,,
Cabo Verde,CPV,,,,,,,,,,,,,,,,,,,,,,,,,,,,,,,,16.1,15.8,13.4,13.6,14.7,17.0,18.3,18.8,18.7,18.7,19.2,19.4,19.1,17.6,15.9,14.4,13.5,13.0,12.9,12.6,12.1,11.4,10.6,10.0,9.4
Costa Rica,CRI,,,,,,,,,,,,,,,,,,,,,,,,,,,,,,,,5.2,5.4,5.4,5.4,5.4,5.6,5.8,5.9,5.6,5.2,5.1,5.4,5.9,6.1,6.0,5.6,5.2,5.2,5.3,5.3,5.3,5.4,5.7,5.5,5.0
Caribbean small states,CSS,,,,,,,,,,,,,,,,,,,,,,,,,,,,,,,,12.9250498209,12.861419703,12.5672183748,12.090821037,11.6423226714,11.2571230298,10.9152263642,10.7470746864,10.3032506903,9.81688917461,9.1727574728,8.70164539018,8.54729157783,8.64108191822,8.77766055356,8.7553987434,8.75319325479,8.71782969352,8.83331670404,8.82492474049,8.74903207344,8.69336700018,8.71233695267,8.47632818517,7.96398853411
Cuba,CUB,,,,,,,,,,,,,,,,,,,,,,,,,,,,,,,,5.7,9.0,13.1,18.3,20.7,20.1,16.8,12.6,8.7,5.6,5.0,5.0,5.0,5.0,5.0,5.0,5.0,5.0,5.0,5.0,5.0,5.0,5.0,5.0,5.0
Curacao,CUW,,,,,,,,,,,,,,,,,,,,,,,,,,,,,,,,,,,,,,,,,,,,,,,,,,,,,,,,
Cayman Islands,CYM,,,,,,,,,,,,,,,,,,,,,,,,,,,,,,,,,,,,,,,,,,,,,,,,,,,,,,,,
Cyprus,CYP,,,,,,,,,,,,,,,,,,,,,,,,,,,,,,,,,,,,,,,,,,,,,,,,,,,,,,,,
Czech Republic,CZE,,,,,,,,,,,,,,,,,,,,,,,,,,,,,,,,,,,,,,,,,,,,,,,,,,,,,,,,
Germany,DEU,,,,,,,,,,,,,,,,,,,,,,,,,,,,,,,,,,,,,,,,,,,,,,,,,,,,,,,,
Djibouti,DJI,,,,,,,,,,,,,,,,,,,,,,,,,,,,,,,,74.8,76.8,75.9,74.3,71.5,68.0,64.9,61.0,56.6,52.4,48.9,46.5,43.8,40.9,37.2,33.0,29.3,26.2,24.3,23.1,22.0,20.5,18.9,17.3,15.9
Dominica,DMA,,,,,,,,,,,,,,,,,,,,,,,,,,,,,,,,,,,,,,,,,,,,,,,,,,,,,,,,
Denmark,DNK,,,,,,,,,,,,,,,,,,,,,,,,,,,,,,,,,,,,,,,,,,,,,,,,,,,,,,,,
Dominican Republic,DOM,,,,,,,,,,,,,,,,,,,,,,,,,,,,,,,,34.3,32.1,30.7,28.1,26.9,27.3,29.4,31.4,31.9,30.7,28.4,27.4,27.6,28.3,26.9,24.2,21.7,20.5,19.8,18.1,15.9,14.0,13.0,12.5,12.3
Algeria,DZA,,,,,,,,,,,,,,,,,,,,,,,,,,,,,,,,7.7,7.4,7.1,7.2,7.7,8.4,8.9,9.2,9.1,8.7,8.4,8.0,7.6,7.2,7.0,6.8,6.4,6.1,5.6,5.1,5.0,5.0,5.0,5.0,5.0
East Asia & Pacific (excluding high income),EAP,,,,,,,,,,,,,,,,,,,,,,,,,,,,,,,,25.6592775471,25.9640537015,24.9191351646,23.560630917,21.8209581612,20.4277653895,19.6376299277,19.1105211249,18.729151068,18.409640398,18.0959230977,17.8392762947,17.5792195527,17.2553814641,16.8937184377,16.469915387,15.8678507588,15.084865301,14.1429146415,13.1743672889,12.2334224786,11.4699060187,10.8598815315,10.303247243,9.86285108153
Early-demographic dividend,EAR,,,,,,,,,,,,,,,,,,,,,,,,,,,,,,,,23.1490749781,22.3817965723,22.2698095349,22.0030418904,21.5365383938,20.8215911558,20.0464917653,19.3566035165,18.7905706345,18.3763778722,18.3596335256,18.6924036518,19.1387654313,19.3197558399,19.1411466244,18.4658602928,17.4174318677,16.3226736364,15.5043541174,14.8818989861,14.4753276932,14.1174264141,13.9338618475,13.7499419424,13.6033108933
East Asia & Pacific,EAS,,,,,,,,,,,,,,,,,,,,,,,,,,,,,,,,25.1188923447,25.4174629515,24.4012321237,23.0793218856,21.385749998,20.0295837834,19.2607344486,18.7486300369,18.3782126754,18.0673650032,17.7621877807,17.513040131,17.2605883094,16.9462072175,16.5953741515,16.1828808536,15.5964878009,14.8329635731,13.914973813,12.9709731772,12.0533228227,11.309100333,10.7145958162,10.1718697255,9.74259054686
Europe & Central Asia (excluding high income),ECA,,,,,,,,,,,,,,,,,,,,,,,,,,,,,,,,,,,,,,,,,,,,,,,,,,,,,,,,
Europe & Central Asia,ECS,,,,,,,,,,,,,,,,,,,,,,,,,,,,,,,,,,,,,,,,,,,,,,,,,,,,,,,,
Ecuador,ECU,,,,,,,,,,,,,,,,,,,,,,,,,,,,,,,,19.4,19.4,17.0,15.7,14.7,15.1,15.8,16.5,17.2,17.8,18.6,19.3,19.6,19.8,19.3,18.8,17.8,17.1,15.8,14.4,12.8,11.8,11.4,11.1,10.9
"Egypt, Arab Rep.",EGY,,,,,,,,,,,,,,,,,,,,,,,,,,,,,,,,5.0,5.0,5.0,5.0,5.0,5.0,5.0,5.0,5.0,5.0,5.0,5.0,5.0,5.0,5.0,5.0,5.0,5.0,5.0,5.0,5.0,5.0,5.0,5.0,5.0
Euro area,EMU,,,,,,,,,,,,,,,,,,,,,,,,,,,,,,,,,,,,,,,,,,,,,,,,,,,,,,,,
Eritrea,ERI,,,,,,,,,,,,,,,,,,,,,,,,,,,,,,,,,,,,,,,,,,,,,,,,,,,,,,,,
Spain,ESP,,,,,,,,,,,,,,,,,,,,,,,,,,,,,,,,,,,,,,,,,,,,,,,,,,,,,,,,
Estonia,EST,,,,,,,,,,,,,,,,,,,,,,,,,,,,,,,,,,,,,,,,,,,,,,,,,,,,,,,,
Ethiopia,ETH,,,,,,,,,,,,,,,,,,,,,,,,,,,,,,,,74.8,75.2,72.5,73.4,71.4,69.0,65.7,63.0,60.6,57.9,54.8,51.9,49.9,47.8,45.9,43.8,42.4,41.1,39.5,37.6,36.0,34.9,33.9,33.1,32.0
European Union,EUU,,,,,,,,,,,,,,,,,,,,,,,,,,,,,,,,,,,,,,,,,,,,,,,,,,,,,,,,
Fragile and conflict affected situations,FCS,,,,,,,,,,,,,,,,,,,,,,,,,,,,,,,,,,,,,,,,,,,,,,,,,,,,,,,,
Finland,FIN,,,,,,,,,,,,,,,,,,,,,,,,,,,,,,,,,,,,,,,,,,,,,,,,,,,,,,,,
Fiji,FJI,,,,,,,,,,,,,,,,,,,,,,,,,,,,,,,,6.6,6.1,5.7,5.3,5.3,5.4,5.2,5.0,5.0,5.0,5.0,5.0,5.0,5.0,5.0,5.0,5.0,5.0,5.0,5.0,5.0,5.0,5.0,5.0,5.0
France,FRA,,,,,,,,,,,,,,,,,,,,,,,,,,,,,,,,,,,,,,,,,,,,,,,,,,,,,,,,
Faroe Islands,FRO,,,,,,,,,,,,,,,,,,,,,,,,,,,,,,,,,,,,,,,,,,,,,,,,,,,,,,,,
"Micronesia, Fed. Sts.",FSM,,,,,,,,,,,,,,,,,,,,,,,,,,,,,,,,,,,,,,,,,,,,,,,,,,,,,,,,
Gabon,GAB,,,,,,,,,,,,,,,,,,,,,,,,,,,,,,,,11.7,9.5,10.1,9.7,9.5,8.5,7.4,6.5,5.5,5.0,5.0,5.0,5.0,5.0,5.0,5.0,5.0,5.0,5.0,5.0,5.0,5.0,5.0,5.0,5.0
United Kingdom,GBR,,,,,,,,,,,,,,,,,,,,,,,,,,,,,,,,,,,,,,,,,,,,,,,,,,,,,,,,
Georgia,GEO,,,,,,,,,,,,,,,,,,,,,,,,,,,,,,,,56.5,80.8,67.1,65.0,46.4,29.4,16.3,11.1,12.6,14.8,16.3,13.7,10.5,7.7,6.3,6.0,6.4,6.8,7.6,9.0,10.1,10.1,9.1,8.0,7.4
Ghana,GHA,,,,,,,,,,,,,,,,,,,,,,,,,,,,,,,,47.3,36.9,33.9,27.3,24.2,22.3,21.4,20.5,19.1,17.5,15.9,14.6,13.6,12.6,11.6,10.5,9.4,8.3,7.3,6.5,5.6,5.0,5.0,5.0,5.0
Gibraltar,GIB,,,,,,,,,,,,,,,,,,,,,,,,,,,,,,,,,,,,,,,,,,,,,,,,,,,,,,,,
Guinea,GIN,,,,,,,,,,,,,,,,,,,,,,,,,,,,,,,,23.2,22.8,22.7,23.1,23.9,25.1,26.6,27.9,28.0,27.2,26.1,25.5,25.0,24.2,23.1,22.0,20.7,19.8,18.9,18.3,17.8,17.5,17.1,16.8,16.4
"Gambia, The",GMB,,,,,,,,,,,,,,,,,,,,,,,,,,,,,,,,13.3,13.5,14.6,15.9,17.3,17.6,17.7,17.0,15.9,14.1,13.0,13.0,13.9,14.5,15.0,14.9,14.6,13.1,11.2,8.8,7.1,6.1,5.6,5.4,5.3
Guinea-Bissau,GNB,,,,,,,,,,,,,,,,,,,,,,,,,,,,,,,,23.1,21.8,21.4,21.0,21.3,22.5,25.0,27.8,29.0,28.4,26.6,25.5,25.1,25.1,25.4,25.7,25.7,25.1,23.8,23.0,22.4,22.4,22.6,22.0,20.7
Equatorial Guinea,GNQ,,,,,,,,,,,,,,,,,,,,,,,,,,,,,,,,,,,,,,,,,,,,,,,,,,,,,,,,
Greece,GRC,,,,,,,,,,,,,,,,,,,,,,,,,,,,,,,,,,,,,,,,,,,,,,,,,,,,,,,,
Grenada,GRD,,,,,,,,,,,,,,,,,,,,,,,,,,,,,,,,,,,,,,,,,,,,,,,,,,,,,,,,
Greenland,GRL,,,,,,,,,,,,,,,,,,,,,,,,,,,,,,,,,,,,,,,,,,,,,,,,,,,,,,,,
Guatemala,GTM,,,,,,,,,,,,,,,,,,,,,,,,,,,,,,,,14.9,15.4,15.3,15.2,15.5,17.1,19.3,21.7,22.3,22.1,20.4,18.7,16.9,16.3,16.2,15.9,15.5,15.1,15.2,14.8,14.8,14.8,15.3,15.6,15.6
Guam,GUM,,,,,,,,,,,,,,,,,,,,,,,,,,,,,,,,,,,,,,,,,,,,,,,,,,,,,,,,
Guyana,GUY,,,,,,,,,,,,,,,,,,,,,,,,,,,,,,,,22.8,22.0,20.5,18.5,16.4,14.6,13.2,12.2,11.2,10.4,9.7,9.3,9.4,9.7,10.1,10.4,10.8,11.2,11.7,11.9,11.8,11.6,11.5,11.2,10.6
High income,HIC,,,,,,,,,,,,,,,,,,,,,,,,,,,,,,,,,,,,,,,,,,,,,,,,,,,,,,,,
"Hong Kong SAR, China",HKG,,,,,,,,,,,,,,,,,,,,,,,,,,,,,,,,,,,,,,,,,,,,,,,,,,,,,,,,
Honduras,HND,,,,,,,,,,,,,,,,,,,,,,,,,,,,,,,,23.0,22.7,21.9,21.3,20.5,19.8,19.3,19.3,19.2,19.0,18.5,17.8,17.1,16.8,16.7,16.4,15.9,15.3,15.0,14.9,14.6,13.7,12.8,12.3,12.2
Heavily indebted poor countries (HIPC),HPC,,,,,,,,,,,,,,,,,,,,,,,,,,,,,,,,40.5897493369,40.6805293166,40.6558633093,40.9865806572,40.6251739573,39.9746494742,39.1166132424,38.3415032755,37.4576893636,36.5990971785,35.7295061604,34.8677441524,33.8968137893,32.7467250823,31.5917596038,30.4126890294,29.3933655739,28.4757996212,27.6039800384,26.6857900311,25.8104933204,25.0597555076,24.565646323,24.2505752069,23.9451188316
Croatia,HRV,,,,,,,,,,,,,,,,,,,,,,,,,,,,,,,,,,,,,,,,,,,,,,,,,,,,,,,,
Haiti,HTI,,,,,,,,,,,,,,,,,,,,,,,,,,,,,,,,61.1,61.5,62.6,63.1,62.8,61.4,59.6,57.8,56.1,55.2,55.2,56.1,57.0,57.7,57.6,57.1,55.8,54.4,52.3,50.6,49.3,49.3,50.7,52.3,53.4
Hungary,HUN,,,,,,,,,,,,,,,,,,,,,,,,,,,,,,,,,,,,,,,,,,,,,,,,,,,,,,,,
IBRD only,IBD,,,,,,,,,,,,,,,,,,,,,,,,,,,,,,,,21.318592899,21.0401261086,20.5236451881,19.7390641755,18.6517854573,17.6079103915,16.8187094178,16.2273181541,15.8209940708,15.5277236095,15.457655674,15.5814710942,15.7884846454,15.8618024683,15.724356377,15.3003711625,14.5209297406,13.6322228585,12.8832834232,12.2718191329,11.7822701106,11.338199984,11.0287997916,10.7037200335,10.449845263
IDA & IBRD total,IBT,,,,,,,,,,,,,,,,,,,,,,,,,,,,,,,,23.6898550754,23.4611016547,23.0282192644,22.4036392591,21.4723519036,20.5394296783,19.7774028863,19.1506164393,18.6352828698,18.222528583,18.0484991004,18.0781107391,18.1524192146,18.029165827,17.6998191417,17.1322773828,16.3340355008,15.4898667828,14.7903113554,14.1999150511,13.7237094103,13.3029684942,13.0213780936,12.746821524,12.5271120993
IDA total,IDA,,,,,,,,,,,,,,,,,,,,,,,,,,,,,,,,33.6945939652,33.5713461466,33.378474892,33.3011073396,32.8882590233,32.2822613065,31.5087260767,30.6237782371,29.5672955099,28.5795315614,27.8977300108,27.4644287849,26.9407208794,25.9969770965,24.8821104856,23.7193909144,22.7813665131,22.0219870406,21.4203005136,20.8232708573,20.3119355801,19.8900689367,19.6203110886,19.4305022456,19.2397995584
IDA blend,IDB,,,,,,,,,,,,,,,,,,,,,,,,,,,,,,,,24.3519673202,23.7625519867,22.7236604513,21.6828944455,20.7699049392,20.1886824289,19.864275944,19.7100408974,19.4550232276,19.3769079706,19.7391741913,20.4131488634,20.7826587976,20.2358971182,19.114743141,17.8621378255,16.8927558074,16.2985078838,15.982316787,15.7135781078,15.4919681069,15.3055675406,15.2483786624,15.2286147066,15.2704368031
Indonesia,IDN,,,,,,,,,,,,,,,,,,,,,,,,,,,,,,,,19.7,19.0,18.1,16.8,15.5,14.6,14.5,15.2,16.1,17.2,18.1,18.7,18.8,18.7,18.8,18.8,18.5,17.7,15.9,13.5,11.1,9.3,8.2,7.6,7.6
IDA only,IDX,,,,,,,,,,,,,,,,,,,,,,,,,,,,,,,,39.1825060303,39.3276269617,39.6226212421,40.0984092009,39.9660034672,39.3357645379,38.2924107836,36.9738744499,35.4413802672,33.9171680578,32.6217261605,31.5401351139,30.4944431786,29.3178401332,28.2050453236,27.0949989158,26.1783341946,25.3285441001,24.5670984043,23.7869408607,23.1134805629,22.558032794,22.1676185976,21.8817357537,21.5582069531
Isle of Man,IMN,,,,,,,,,,,,,,,,,,,,,,,,,,,,,,,,,,,,,,,,,,,,,,,,,,,,,,,,
India,IND,,,,,,,,,,,,,,,,,,,,,,,,,,,,,,,,23.7,22.2,22.4,22.1,21.6,20.5,19.2,18.0,17.3,17.0,17.5,18.6,19.9,20.9,21.2,20.5,18.9,17.2,16.2,15.7,15.6,15.4,15.4,15.3,15.2
Not classified,INX,,,,,,,,,,,,,,,,,,,,,,,,,,,,,,,,,,,,,,,,,,,,,,,,,,,,,,,,
Ireland,IRL,,,,,,,,,,,,,,,,,,,,,,,,,,,,,,,,,,,,,,,,,,,,,,,,,,,,,,,,
"Iran, Islamic Rep.",IRN,,,,,,,,,,,,,,,,,,,,,,,,,,,,,,,,5.1,5.0,5.0,5.0,5.0,5.0,5.0,5.0,5.0,5.2,5.6,6.1,6.4,6.5,6.5,6.6,6.6,6.6,6.5,6.4,6.2,5.9,5.7,5.1,5.0
Iraq,IRQ,,,,,,,,,,,,,,,,,,,,,,,,,,,,,,,,7.9,13.5,15.3,19.6,21.0,22.6,24.3,25.6,25.7,24.6,23.5,23.3,23.9,24.6,25.1,26.0,26.5,26.6,25.9,25.2,24.5,24.0,23.6,23.2,22.8
Iceland,ISL,,,,,,,,,,,,,,,,,,,,,,,,,,,,,,,,,,,,,,,,,,,,,,,,,,,,,,,,
Israel,ISR,,,,,,,,,,,,,,,,,,,,,,,,,,,,,,,,,,,,,,,,,,,,,,,,,,,,,,,,
Italy,ITA,,,,,,,,,,,,,,,,,,,,,,,,,,,,,,,,,,,,,,,,,,,,,,,,,,,,,,,,
Jamaica,JAM,,,,,,,,,,,,,,,,,,,,,,,,,,,,,,,,10.4,10.5,9.6,8.9,8.4,8.4,8.4,8.5,8.2,7.8,7.3,6.8,6.6,6.6,6.8,7.0,7.3,7.6,8.0,8.2,8.3,8.5,8.8,8.7,8.1
Jordan,JOR,,,,,,,,,,,,,,,,,,,,,,,,,,,,,,,,5.5,5.8,6.7,7.5,8.3,8.4,8.1,7.7,7.4,7.0,6.0,5.0,5.0,5.0,5.0,5.0,5.0,5.0,5.0,5.0,5.0,5.0,5.0,5.0,5.0
Japan,JPN,,,,,,,,,,,,,,,,,,,,,,,,,,,,,,,,,,,,,,,,,,,,,,,,,,,,,,,,
Kazakhstan,KAZ,,,,,,,,,,,,,,,,,,,,,,,,,,,,,,,,5.0,5.0,5.0,5.0,5.0,5.0,5.0,5.0,5.0,5.0,5.0,5.0,5.1,5.4,5.5,5.0,5.0,5.0,5.0,5.0,5.0,5.0,5.0,5.0,5.0
Kenya,KEN,,,,,,,,,,,,,,,,,,,,,,,,,,,,,,,,32.4,35.3,37.5,37.8,35.3,33.6,33.0,33.4,33.0,32.3,32.3,33.1,34.4,34.0,31.8,28.2,26.3,25.7,25.7,24.8,23.8,22.8,22.1,21.5,21.2
Kyrgyz Republic,KGZ,,,,,,,,,,,,,,,,,,,,,,,,,,,,,,,,15.9,15.9,15.9,15.9,15.7,15.8,14.2,13.2,13.9,15.2,16.7,16.5,15.0,12.4,10.4,9.4,9.2,9.1,8.7,7.9,7.2,6.6,6.2,6.0,6.0
Cambodia,KHM,,,,,,,,,,,,,,,,,,,,,,,,,,,,,,,,32.1,29.7,29.0,28.3,29.3,31.9,35.3,36.7,35.2,32.0,28.5,25.9,23.6,22.1,20.8,19.6,18.3,17.5,17.1,17.0,16.8,16.4,15.7,15.0,14.2
Kiribati,KIR,,,,,,,,,,,,,,,,,,,,,,,,,,,,,,,,7.5,6.7,6.7,6.3,6.3,6.1,5.9,5.6,5.1,5.0,5.0,5.0,5.0,5.0,5.0,5.0,5.0,5.0,5.0,5.0,5.0,5.0,5.0,5.0,5.0
St. Kitts and Nevis,KNA,,,,,,,,,,,,,,,,,,,,,,,,,,,,,,,,,,,,,,,,,,,,,,,,,,,,,,,,
"Korea, Rep.",KOR,,,,,,,,,,,,,,,,,,,,,,,,,,,,,,,,5.0,5.0,5.0,5.0,5.0,5.0,5.0,5.0,5.0,5.0,5.0,5.0,5.0,5.0,5.0,5.0,5.0,5.0,5.0,5.0,5.0,5.0,5.0,5.0,5.0
Kuwait,KWT,,,,,,,,,,,,,,,,,,,,,,,,,,,,,,,,39.4,43.6,31.5,21.8,10.8,5.4,5.0,5.0,5.0,5.0,5.0,5.0,5.0,5.0,5.0,5.0,5.0,5.0,5.0,5.0,5.0,5.0,5.0,5.0,5.0
Latin America & Caribbean (excluding high income),LAC,,,,,,,,,,,,,,,,,,,,,,,,,,,,,,,,15.1803715623,14.6976690068,14.628378925,14.4088901027,14.1256108457,13.9012926421,13.6837682706,13.5648352558,13.2501449001,12.7470859581,12.0645801783,11.3260196415,10.7329646104,10.1061703236,9.55432318618,9.20410592222,8.83467082096,8.54359441334,8.40479225356,8.28853796176,8.0933968559,7.88520173852,7.71785845984,7.5842111482,7.47366851109
Lao PDR,LAO,,,,,,,,,,,,,,,,,,,,,,,,,,,,,,,,42.8,43.6,44.1,44.5,44.0,43.0,41.7,41.0,39.9,39.2,37.9,36.7,34.8,32.2,29.5,26.9,25.6,24.7,24.2,22.8,21.4,20.1,19.4,18.9,18.5
Lebanon,LBN,,,,,,,,,,,,,,,,,,,,,,,,,,,,,,,,5.0,5.0,5.0,5.0,5.0,5.0,5.0,5.0,5.0,5.0,5.0,5.0,5.0,5.0,5.0,5.0,5.0,5.0,5.0,5.0,5.0,5.0,5.0,5.0,5.0
Liberia,LBR,,,,,,,,,,,,,,,,,,,,,,,,,,,,,,,,29.0,27.6,30.7,34.2,38.4,40.2,39.2,37.1,35.9,36.5,37.8,39.6,40.4,40.5,39.7,38.8,37.8,36.6,35.5,34.9,34.7,34.2,33.4,32.5,31.9
Libya,LBY,,,,,,,,,,,,,,,,,,,,,,,,,,,,,,,,,,,,,,,,,,,,,,,,,,,,,,,,
St. Lucia,LCA,,,,,,,,,,,,,,,,,,,,,,,,,,,,,,,,,,,,,,,,,,,,,,,,,,,,,,,,
Latin America & Caribbean,LCN,,,,,,,,,,,,,,,,,,,,,,,,,,,,,,,,14.9360303324,14.4332771343,14.3379878383,14.1019713061,13.8163652323,13.5938602246,13.3779029325,13.2597423126,12.9540210738,12.4667003233,11.8090685329,11.0985631532,10.5294029024,9.92859270865,9.39908713332,9.06184158426,8.70542945757,8.42405639847,8.2900064438,8.17801233906,7.98980994485,7.78832716866,7.62615058818,7.49617747529,7.38865248712
Least developed countries: UN classification,LDC,,,,,,,,,,,,,,,,,,,,,,,,,,,,,,,,40.8768939419,41.4278335989,41.8589233247,42.6090712866,42.5271255811,41.8352901662,40.671223188,39.2117300146,37.5396176011,35.8724556987,34.4413174899,33.2343019789,32.0464140583,30.748644302,29.5381284831,28.3573892851,27.3655689705,26.4217824384,25.5553220211,24.682932515,23.9594873033,23.3807757428,22.9669150998,22.6478308604,22.2771247554
Low income,LIC,,,,,,,,,,,,,,,,,,,,,,,,,,,,,,,,39.8741435028,40.8420585475,41.2591884496,42.2209948783,42.3204279503,42.0290071075,41.2767209605,40.4477132332,39.4898677372,38.6743465063,37.8431403371,36.9991096301,35.9275466605,34.6684437008,33.4048794671,32.2443892848,31.2782162164,30.3962708909,29.5279560894,28.6197537748,27.81122842,27.1598909505,26.7149576861,26.4349737939,26.1037180125
Liechtenstein,LIE,,,,,,,,,,,,,,,,,,,,,,,,,,,,,,,,,,,,,,,,,,,,,,,,,,,,,,,,
Sri Lanka,LKA,,,,,,,,,,,,,,,,,,,,,,,,,,,,,,,,30.6,31.3,31.9,32.1,31.3,31.3,31.3,31.3,30.7,29.9,29.7,29.7,29.9,29.8,29.5,29.1,28.4,27.6,26.7,26.0,25.3,24.6,23.8,22.9,22.0
Lower middle income,LMC,,,,,,,,,,,,,,,,,,,,,,,,,,,,,,,,25.3447461268,24.4639365252,24.1951588134,23.6364343336,22.9062064871,22.0116657653,21.1252336422,20.3410116997,19.6720328756,19.1815527804,19.1716336402,19.5388815589,19.9459863012,20.0613047689,19.8130853242,19.0716505114,17.9379474535,16.7754635854,15.9268584134,15.2902039588,14.87874789,14.49571901,14.3008764286,14.1004036945,13.9519022863
Low & middle income,LMY,,,,,,,,,,,,,,,,,,,,,,,,,,,,,,,,23.704564898,23.497312158,23.0903269951,22.4933242357,21.5873025793,20.6724616788,19.9163966361,19.2850006957,18.7610403006,18.3435069478,18.1673724497,18.19413209,18.2600089034,18.1312584164,17.8009427988,17.240802073,16.4537903541,15.6207220584,14.9292494024,14.3432139996,13.8682393156,13.447247033,13.1650245158,12.8902794612,12.6693372813
Lesotho,LSO,,,,,,,,,,,,,,,,,,,,,,,,,,,,,,,,15.6,15.2,15.3,15.6,16.0,16.6,16.1,15.2,13.9,13.0,12.3,11.9,11.6,11.3,11.0,10.8,10.8,11.2,11.4,11.4,11.2,11.1,11.2,11.2,11.2
Late-demographic dividend,LTE,,,,,,,,,,,,,,,,,,,,,,,,,,,,,,,,23.2107717935,23.5702075232,22.6028099059,21.383513922,19.7306192355,18.4208647375,17.6087917794,16.9933403222,16.5280681944,16.0899081832,15.6696984594,15.2622318129,14.8946521264,14.4866299161,14.1124994027,13.8139492546,13.3830493029,12.8259199036,12.2172054636,11.6249002611,11.0153321992,10.4725103805,9.98947384079,9.4940575184,9.0604281045
Lithuania,LTU,,,,,,,,,,,,,,,,,,,,,,,,,,,,,,,,,,,,,,,,,,,,,,,,,,,,,,,,
Luxembourg,LUX,,,,,,,,,,,,,,,,,,,,,,,,,,,,,,,,,,,,,,,,,,,,,,,,,,,,,,,,
Latvia,LVA,,,,,,,,,,,,,,,,,,,,,,,,,,,,,,,,,,,,,,,,,,,,,,,,,,,,,,,,
"Macao SAR, China",MAC,,,,,,,,,,,,,,,,,,,,,,,,,,,,,,,,,,,,,,,,,,,,,,,,,,,,,,,,
St. Martin (French part),MAF,,,,,,,,,,,,,,,,,,,,,,,,,,,,,,,,,,,,,,,,,,,,,,,,,,,,,,,,
Morocco,MAR,,,,,,,,,,,,,,,,,,,,,,,,,,,,,,,,5.9,6.7,7.5,8.0,7.7,7.2,6.5,6.2,6.2,6.5,6.6,6.5,6.1,5.8,5.5,5.5,5.4,5.4,5.4,5.3,5.2,5.0,5.0,5.0,5.0
Monaco,MCO,,,,,,,,,,,,,,,,,,,,,,,,,,,,,,,,,,,,,,,,,,,,,,,,,,,,,,,,
Moldova,MDA,,,,,,,,,,,,,,,,,,,,,,,,,,,,,,,,,,,,,,,,,,,,,,,,,,,,,,,,
Madagascar,MDG,,,,,,,,,,,,,,,,,,,,,,,,,,,,,,,,27.3,29.1,29.7,31.2,32.7,33.8,34.4,34.7,34.7,34.8,35.6,36.9,38.4,38.6,37.4,34.9,33.0,31.9,31.7,31.6,31.7,32.0,32.5,32.8,33.0
Maldives,MDV,,,,,,,,,,,,,,,,,,,,,,,,,,,,,,,,12.2,11.4,11.1,10.3,10.0,10.5,11.2,11.7,11.8,11.8,11.9,12.3,13.2,14.4,15.3,15.4,14.7,13.3,11.7,10.0,8.7,7.7,6.7,5.9,5.2
Middle East & North Africa,MEA,,,,,,,,,,,,,,,,,,,,,,,,,,,,,,,,7.50776546746,7.72571032597,7.93295034935,8.41394257962,8.66869690912,8.87900103948,9.03680530253,9.13905878773,9.09018275148,8.99395409894,8.9509438446,9.03230307635,9.12006479537,9.17083978816,9.15268581055,9.17453766916,9.08558988543,9.00624785222,8.84452992206,8.68628402239,8.52487441481,8.37877044749,8.30889343537,8.17895584366,8.15555920162
Mexico,MEX,,,,,,,,,,,,,,,,,,,,,,,,,,,,,,,,6.9,6.8,6.7,6.6,6.4,6.1,5.8,5.5,5.0,5.0,5.0,5.0,5.4,5.5,5.3,5.0,5.0,5.0,5.0,5.0,5.0,5.0,5.0,5.0,5.0
Marshall Islands,MHL,,,,,,,,,,,,,,,,,,,,,,,,,,,,,,,,,,,,,,,,,,,,,,,,,,,,,,,,
Middle income,MIC,,,,,,,,,,,,,,,,,,,,,,,,,,,,,,,,22.5144040945,22.2061600216,21.7214130512,20.9887546328,19.9869874937,19.004779221,18.2293865077,17.59437562,17.085232741,16.6791690936,16.5352664666,16.6128223293,16.7535041169,16.7013259733,16.4329495658,15.9072953472,15.1180758252,14.2711398038,13.5774258315,13.0027503721,12.540588784,12.122883659,11.8376456557,11.544482621,11.3155196725
"Macedonia, FYR",MKD,,,,,,,,,,,,,,,,,,,,,,,,,,,,,,,,,,,,,,,,,,,,,,,,,,,,,,,,
Mali,MLI,,,,,,,,,,,,,,,,,,,,,,,,,,,,,,,,16.7,17.3,17.7,18.2,18.3,18.1,17.5,16.7,15.3,13.9,12.6,11.9,11.4,10.9,10.1,9.0,7.7,6.3,5.3,5.0,5.0,5.0,5.0,5.0,5.0
Malta,MLT,,,,,,,,,,,,,,,,,,,,,,,,,,,,,,,,,,,,,,,,,,,,,,,,,,,,,,,,
Myanmar,MMR,,,,,,,,,,,,,,,,,,,,,,,,,,,,,,,,62.6,62.7,62.5,61.6,60.6,58.7,56.9,55.2,54.1,52.4,49.6,46.3,42.9,39.9,36.9,33.7,30.1,26.4,23.0,20.2,18.0,16.5,15.5,14.9,14.2
Middle East & North Africa (excluding high income),MNA,,,,,,,,,,,,,,,,,,,,,,,,,,,,,,,,7.33065220236,7.8658411694,8.09068082226,8.61056711536,8.87641021131,9.1456901765,9.33612659252,9.46782945331,9.44290670204,9.36147623651,9.32917680626,9.42934591566,9.53266526555,9.5995477089,9.59362654424,9.63868763649,9.5629885747,9.50095228664,9.34310523781,9.18241590067,9.01216751944,8.85270499257,8.77951304774,8.63550526093,8.61151679851
Montenegro,MNE,,,,,,,,,,,,,,,,,,,,,,,,,,,,,,,,,,,,,,,,,,,,,,,,,,,,,,,,
Mongolia,MNG,,,,,,,,,,,,,,,,,,,,,,,,,,,,,,,,29.9,37.1,46.1,51.4,51.7,47.6,44.6,42.4,40.5,38.2,36.1,35.0,34.7,34.9,34.9,34.0,32.4,30.1,27.9,25.9,24.5,23.4,22.5,21.5,20.5
Northern Mariana Islands,MNP,,,,,,,,,,,,,,,,,,,,,,,,,,,,,,,,,,,,,,,,,,,,,,,,,,,,,,,,
Mozambique,MOZ,,,,,,,,,,,,,,,,,,,,,,,,,,,,,,,,56.1,58.8,59.4,59.2,56.1,50.7,45.9,42.7,41.9,42.0,42.1,41.3,39.7,38.2,37.3,36.9,36.0,35.0,33.3,31.8,29.9,28.5,27.2,26.2,25.3
Mauritania,MRT,,,,,,,,,,,,,,,,,,,,,,,,,,,,,,,,14.6,14.4,14.1,13.9,14.1,13.9,13.4,12.7,12.0,11.5,11.2,11.1,11.0,11.0,11.4,11.1,10.5,9.2,8.3,7.9,7.6,7.1,6.4,5.8,5.6
Mauritius,MUS,,,,,,,,,,,,,,,,,,,,,,,,,,,,,,,,8.1,8.0,7.9,7.6,7.1,6.8,6.8,7.0,7.2,7.1,6.7,6.4,6.1,5.8,5.6,5.4,5.3,5.2,5.1,5.0,5.0,5.0,5.0,5.0,5.0
Malawi,MWI,,,,,,,,,,,,,,,,,,,,,,,,,,,,,,,,44.7,45.7,46.9,45.7,43.2,39.5,36.7,34.0,31.2,28.6,27.0,26.6,27.3,27.9,27.7,26.4,24.6,23.1,22.2,21.8,21.3,21.0,20.8,20.8,20.7
Malaysia,MYS,,,,,,,,,,,,,,,,,,,,,,,,,,,,,,,,5.1,5.0,5.0,5.0,5.0,5.0,5.0,5.0,5.0,5.0,5.0,5.0,5.0,5.0,5.0,5.0,5.0,5.0,5.0,5.0,5.0,5.0,5.0,5.0,5.0
North America,NAC,,,,,,,,,,,,,,,,,,,,,,,,,,,,,,,,,,,,,,,,,,,,,,,,,,,,,,,,
Namibia,NAM,,,,,,,,,,,,,,,,,,,,,,,,,,,,,,,,35.9,36.7,38.3,39.5,39.9,39.2,38.2,36.7,34.2,30.4,27.3,25.6,25.3,25.3,25.4,26.0,27.6,30.5,34.3,37.6,39.4,40.2,41.4,42.3,42.3
New Caledonia,NCL,,,,,,,,,,,,,,,,,,,,,,,,,,,,,,,,,,,,,,,,,,,,,,,,,,,,,,,,
Niger,NER,,,,,,,,,,,,,,,,,,,,,,,,,,,,,,,,27.7,31.0,32.4,34.7,34.9,33.2,30.6,28.0,25.4,22.8,20.5,19.1,17.9,16.6,15.4,14.5,13.7,12.8,11.8,11.1,10.5,10.2,10.0,9.7,9.5
Nigeria,NGA,,,,,,,,,,,,,,,,,,,,,,,,,,,,,,,,21.3,17.9,16.1,13.7,12.7,11.9,11.2,10.5,9.7,9.2,8.9,9.0,8.7,8.1,7.2,6.5,6.0,5.9,6.0,6.1,6.2,6.3,6.5,6.7,7.0
Nicaragua,NIC,,,,,,,,,,,,,,,,,,,,,,,,,,,,,,,,54.4,52.7,51.5,48.3,45.1,42.9,41.4,40.2,37.8,34.8,31.3,28.3,26.4,25.1,24.3,23.2,22.3,21.5,21.0,20.3,19.5,18.5,17.7,17.1,16.6
Netherlands,NLD,,,,,,,,,,,,,,,,,,,,,,,,,,,,,,,,,,,,,,,,,,,,,,,,,,,,,,,,
Norway,NOR,,,,,,,,,,,,,,,,,,,,,,,,,,,,,,,,,,,,,,,,,,,,,,,,,,,,,,,,
Nepal,NPL,,,,,,,,,,,,,,,,,,,,,,,,,,,,,,,,22.8,23.4,24.2,24.8,24.9,24.8,24.4,23.7,23.1,22.2,21.9,21.1,20.1,18.4,17.0,15.8,14.8,13.3,11.6,10.2,9.2,8.5,7.9,7.7,7.8
Nauru,NRU,,,,,,,,,,,,,,,,,,,,,,,,,,,,,,,,,,,,,,,,,,,,,,,,,,,,,,,,
New Zealand,NZL,,,,,,,,,,,,,,,,,,,,,,,,,,,,,,,,,,,,,,,,,,,,,,,,,,,,,,,,
OECD members,OED,,,,,,,,,,,,,,,,,,,,,,,,,,,,,,,,,,,,,,,,,,,,,,,,,,,,,,,,
Oman,OMN,,,,,,,,,,,,,,,,,,,,,,,,,,,,,,,,18.2,19.0,19.3,20.3,20.4,20.7,19.7,18.2,15.5,13.2,12.0,11.5,11.6,11.4,11.0,10.2,9.2,7.9,6.7,5.9,5.4,5.3,5.1,5.0,5.0
Other small states,OSS,,,,,,,,,,,,,,,,,,,,,,,,,,,,,,,,,,23.6138899581,23.8301106612,23.973460474,24.0937177068,24.3564618281,24.5245847729,24.0607834789,22.8957703635,21.6383224142,20.7346502804,20.1963959623,19.7568643226,19.4325202488,19.2763470128,,,,,,,,,
Pakistan,PAK,,,,,,,,,,,,,,,,,,,,,,,,,,,,,,,,25.1,25.7,24.0,23.1,22.1,21.8,21.8,22.0,22.1,22.4,23.4,24.8,25.9,25.6,24.7,23.7,22.9,22.2,21.8,21.7,21.8,21.9,22.0,22.0,22.0
Panama,PAN,,,,,,,,,,,,,,,,,,,,,,,,,,,,,,,,26.4,25.9,23.9,23.2,23.5,25.6,26.2,26.5,26.0,27.4,27.6,26.3,24.4,23.4,23.8,22.9,21.1,18.4,16.4,14.8,13.4,12.0,10.8,10.0,9.5
Peru,PER,,,,,,,,,,,,,,,,,,,,,,,,,,,,,,,,31.6,28.1,28.6,27.5,26.5,25.1,23.7,22.9,22.3,21.6,20.7,20.6,20.9,21.2,20.3,18.9,17.0,15.4,13.7,12.2,10.7,9.6,8.8,8.1,7.5
Philippines,PHL,,,,,,,,,,,,,,,,,,,,,,,,,,,,,,,,26.3,27.0,26.4,26.0,24.6,23.6,22.7,22.6,22.1,21.3,20.3,19.7,19.2,18.6,17.6,16.4,15.0,13.8,13.0,13.0,13.4,13.9,14.0,13.9,13.5
Palau,PLW,,,,,,,,,,,,,,,,,,,,,,,,,,,,,,,,,,,,,,,,,,,,,,,,,,,,,,,,
Papua New Guinea,PNG,,,,,,,,,,,,,,,,,,,,,,,,,,,,,,,,,,,,,,,,,,,,,,,,,,,,,,,,
Poland,POL,,,,,,,,,,,,,,,,,,,,,,,,,,,,,,,,,,,,,,,,,,,,,,,,,,,,,,,,
Pre-demographic dividend,PRE,,,,,,,,,,,,,,,,,,,,,,,,,,,,,,,,28.0946839967,28.2498886006,28.4843750812,28.5472983545,28.2536381874,27.8458888478,27.4261603017,27.0528052088,26.4900929503,26.0709088744,25.8504843289,25.7383345099,25.2443676021,24.3507901478,23.2265165651,22.1647270032,21.316720533,20.7202551284,20.2544049324,19.744106809,19.2503450875,18.7892358145,18.5282755112,18.3613507409,18.2844290225
Puerto Rico,PRI,,,,,,,,,,,,,,,,,,,,,,,,,,,,,,,,,,,,,,,,,,,,,,,,,,,,,,,,
"Korea, Dem. Peopleâ€™s Rep.",PRK,,,,,,,,,,,,,,,,,,,,,,,,,,,,,,,,23.3,24.7,26.7,28.5,31.4,34.6,36.9,37.7,37.6,37.9,37.7,37.2,35.6,34.5,34.2,35.5,37.5,39.5,41.0,41.8,42.0,41.9,41.8,41.8,41.6
Portugal,PRT,,,,,,,,,,,,,,,,,,,,,,,,,,,,,,,,,,,,,,,,,,,,,,,,,,,,,,,,
Paraguay,PRY,,,,,,,,,,,,,,,,,,,,,,,,,,,,,,,,19.5,19.9,19.2,18.0,16.5,15.6,15.0,14.5,13.9,13.3,12.9,12.1,11.1,10.5,10.7,11.2,11.4,11.9,12.3,12.4,12.1,11.8,11.6,11.1,10.4
West Bank and Gaza,PSE,,,,,,,,,,,,,,,,,,,,,,,,,,,,,,,,,,,,,,,,,,,,,,,,,,,,,,,,
Pacific island small states,PSS,,,,,,,,,,,,,,,,,,,,,,,,,,,,,,,,11.6321329199,11.3261148139,11.2731198179,10.7969461333,10.1975276704,9.49975804855,8.84036644444,8.36501049849,8.06923822275,7.98526797893,7.8892790971,7.84527122002,7.64226065088,7.44781275141,7.24416548339,7.11206228969,6.9620706214,6.87401417588,6.75360187876,6.75140886156,6.72181548484,6.73250923711,6.75885074727,6.85765422847,6.98574951229
Post-demographic dividend,PST,,,,,,,,,,,,,,,,,,,,,,,,,,,,,,,,,,,,,,,,,,,,,,,,,,,,,,,,
French Polynesia,PYF,,,,,,,,,,,,,,,,,,,,,,,,,,,,,,,,,,,,,,,,,,,,,,,,,,,,,,,,
Qatar,QAT,,,,,,,,,,,,,,,,,,,,,,,,,,,,,,,,,,,,,,,,,,,,,,,,,,,,,,,,
Romania,ROU,,,,,,,,,,,,,,,,,,,,,,,,,,,,,,,,,,,,,,,,,,,,,,,,,,,,,,,,
Russian Federation,RUS,,,,,,,,,,,,,,,,,,,,,,,,,,,,,,,,,,,,,,,,,,,,,,,,,,,,,,,,
Rwanda,RWA,,,,,,,,,,,,,,,,,,,,,,,,,,,,,,,,55.6,53.9,56.1,57.6,60.8,63.9,65.8,66.4,64.5,60.6,54.3,49.0,46.0,46.0,46.7,46.4,45.2,42.8,40.1,37.3,35.4,34.3,33.6,32.7,31.6
South Asia,SAS,,,,,,,,,,,,,,,,,,,,,,,,,,,,,,,,24.8399840332,23.8825109163,24.0898134173,24.0013127559,23.6078478091,22.6732573275,21.4839709557,20.2557532209,19.3468950225,18.7893604272,19.0568907926,19.8893252645,20.8603718371,21.4230250981,21.4333676601,20.7048233723,19.3600875727,17.9429390554,17.0995311674,16.6615445418,16.5795375325,16.4279728896,16.4304925265,16.3386322973,16.2318854775
Saudi Arabia,SAU,,,,,,,,,,,,,,,,,,,,,,,,,,,,,,,,5.0,5.0,5.0,5.0,5.0,5.0,5.0,5.0,5.0,5.0,5.0,5.0,5.0,5.0,5.0,5.0,5.0,5.0,5.0,5.0,5.0,5.0,5.0,5.0,5.0
Sudan,SDN,,,,,,,,,,,,,,,,,,,,,,,,,,,,,,,,,,,,,,,,,,,,,,,,,,,,,,,,
Senegal,SEN,,,,,,,,,,,,,,,,,,,,,,,,,,,,,,,,24.5,25.5,27.1,27.5,28.6,29.4,31.0,31.5,30.9,29.4,28.2,27.4,26.4,24.7,22.9,21.1,18.9,16.6,14.6,13.6,12.9,12.3,11.3,10.6,10.0
Singapore,SGP,,,,,,,,,,,,,,,,,,,,,,,,,,,,,,,,,,,,,,,,,,,,,,,,,,,,,,,,
Solomon Islands,SLB,,,,,,,,,,,,,,,,,,,,,,,,,,,,,,,,24.8,23.7,23.1,21.0,18.4,16.1,15.0,14.6,14.6,15.0,15.0,14.7,13.8,13.1,12.4,12.0,11.6,11.4,11.0,10.9,10.7,10.6,10.6,10.9,11.3
Sierra Leone,SLE,,,,,,,,,,,,,,,,,,,,,,,,,,,,,,,,42.8,41.7,40.7,38.9,36.7,34.9,33.6,33.7,35.3,38.0,40.2,41.0,40.9,40.5,39.3,37.1,34.4,32.4,30.7,29.0,27.0,25.0,23.5,22.7,22.3
El Salvador,SLV,,,,,,,,,,,,,,,,,,,,,,,,,,,,,,,,16.2,15.1,15.4,15.4,15.6,15.4,15.0,14.6,13.8,12.5,10.6,9.3,8.9,9.4,10.2,10.7,11.0,11.2,11.5,12.0,12.6,12.9,12.8,12.6,12.4
San Marino,SMR,,,,,,,,,,,,,,,,,,,,,,,,,,,,,,,,,,,,,,,,,,,,,,,,,,,,,,,,
Somalia,SOM,,,,,,,,,,,,,,,,,,,,,,,,,,,,,,,,,,,,,,,,,,,,,,,,,,,,,,,,
Serbia,SRB,,,,,,,,,,,,,,,,,,,,,,,,,,,,,,,,,,,,,,,,,,,,,,,,,,,,,,,,
Sub-Saharan Africa (excluding high income),SSA,,,,,,,,,,,,,,,,,,,,,,,,,,,,,,,,33.3744971495,32.819379002,32.4762491764,32.1670756195,31.541107339,30.8784113812,30.1411773339,29.5143693199,28.7349445843,27.9700749383,27.2946788972,26.7475598069,26.1256625305,25.2550815029,24.2237782845,23.1405549184,22.294092417,21.6697443119,21.1258476641,20.4933995302,19.8788849254,19.3559646872,19.019596501,18.7745989844,18.5466960487
South Sudan,SSD,,,,,,,,,,,,,,,,,,,,,,,,,,,,,,,,,,,,,,,,,,,,,,,,,,,,,,,,
Sub-Saharan Africa,SSF,,,,,,,,,,,,,,,,,,,,,,,,,,,,,,,,33.3744971495,32.819379002,32.4762491764,32.1670756195,31.541107339,30.8784113812,30.1411773339,29.5143693199,28.7349445843,27.9700749383,27.2946788972,26.7475598069,26.1256625305,25.2550815029,24.2237782845,23.1405549184,22.294092417,21.6697443119,21.1258476641,20.4933995302,19.8788849254,19.3559646872,19.019596501,18.7745989844,18.5466960487
Small states,SST,,,,,,,,,,,,,,,,,,,,,,,,,,,,,,,,19.5435994004,19.4065033747,19.5282233529,19.526601195,19.4790932823,19.42841208,19.4857996984,19.5453759153,19.1332895656,18.2636593689,17.2868592758,16.5901025771,16.2043036548,15.9468220322,15.773786561,15.6760360315,15.7341355268,15.8109752468,15.8737132565,15.7986891572,15.5799642422,15.3586277361,15.3006838561,15.1247511916,14.8006406082
Sao Tome and Principe,STP,,,,,,,,,,,,,,,,,,,,,,,,,,,,,,,,22.9,23.3,24.0,24.9,26.0,27.4,27.7,27.3,24.6,21.5,17.6,15.0,12.8,11.3,10.0,8.9,7.9,7.2,6.7,6.2,5.9,5.9,6.1,6.4,6.6
Suriname,SUR,,,,,,,,,,,,,,,,,,,,,,,,,,,,,,,,15.5,14.5,14.8,14.4,14.2,13.6,13.2,13.3,13.5,14.1,13.9,13.8,13.2,12.8,12.2,11.5,10.9,10.1,9.5,8.7,8.3,8.3,8.4,8.3,8.0
Slovak Republic,SVK,,,,,,,,,,,,,,,,,,,,,,,,,,,,,,,,,,,,,,,,,,,,,,,,,,,,,,,,
Slovenia,SVN,,,,,,,,,,,,,,,,,,,,,,,,,,,,,,,,,,,,,,,,,,,,,,,,,,,,,,,,
Sweden,SWE,,,,,,,,,,,,,,,,,,,,,,,,,,,,,,,,,,,,,,,,,,,,,,,,,,,,,,,,
Swaziland,SWZ,,,,,,,,,,,,,,,,,,,,,,,,,,,,,,,,15.9,16.6,16.8,18.0,19.4,21.7,23.8,25.1,23.9,21.7,19.2,17.7,16.3,15.6,15.8,17.4,19.4,21.3,22.6,23.6,24.4,25.1,26.1,26.5,26.8
Sint Maarten (Dutch part),SXM,,,,,,,,,,,,,,,,,,,,,,,,,,,,,,,,,,,,,,,,,,,,,,,,,,,,,,,,
Seychelles,SYC,,,,,,,,,,,,,,,,,,,,,,,,,,,,,,,,,,,,,,,,,,,,,,,,,,,,,,,,
Syrian Arab Republic,SYR,,,,,,,,,,,,,,,,,,,,,,,,,,,,,,,,,,,,,,,,,,,,,,,,,,,,,,,,
Turks and Caicos Islands,TCA,,,,,,,,,,,,,,,,,,,,,,,,,,,,,,,,,,,,,,,,,,,,,,,,,,,,,,,,
Chad,TCD,,,,,,,,,,,,,,,,,,,,,,,,,,,,,,,,59.1,56.4,55.7,54.2,51.5,50.9,48.2,45.5,41.7,40.1,40.1,40.2,40.2,39.7,39.7,39.7,40.3,40.8,41.1,41.0,40.1,39.0,37.5,36.1,34.4
East Asia & Pacific (IDA & IBRD countries),TEA,,,,,,,,,,,,,,,,,,,,,,,,,,,,,,,,25.6896433634,25.9803558557,24.8961111034,23.4966624726,21.6968277062,20.2442491082,19.4145316076,18.8708518028,18.4863541576,18.1592035631,17.844177103,17.5906736342,17.3477930072,17.0339527143,16.6716634384,16.2260382804,15.5910480548,14.7730293492,13.8005497496,12.8101274531,11.8553406619,11.084109338,10.4683584434,9.90547940459,9.46287527852
Europe & Central Asia (IDA & IBRD countries),TEC,,,,,,,,,,,,,,,,,,,,,,,,,,,,,,,,,,,,,,,,,,,,,,,,,,,,,,,,
Togo,TGO,,,,,,,,,,,,,,,,,,,,,,,,,,,,,,,,37.9,41.3,40.6,39.7,36.8,34.0,31.9,30.6,29.8,29.2,28.7,28.4,27.8,26.7,25.3,24.2,23.2,22.3,21.3,20.5,18.9,17.1,14.5,12.9,11.4
Thailand,THA,,,,,,,,,,,,,,,,,,,,,,,,,,,,,,,,34.6,33.2,32.6,30.8,27.8,24.7,21.5,20.0,19.2,19.0,18.4,17.5,16.3,15.0,13.4,11.7,10.4,9.7,9.5,9.3,8.9,8.6,8.3,7.9,7.4
Tajikistan,TJK,,,,,,,,,,,,,,,,,,,,,,,,,,,,,,,,28.1,28.1,28.1,28.1,30.6,33.7,36.5,38.1,38.5,38.8,39.5,41.0,42.6,43.1,42.3,40.5,39.0,38.2,38.0,37.4,36.8,35.9,35.0,34.0,33.2
Turkmenistan,TKM,,,,,,,,,,,,,,,,,,,,,,,,,,,,,,,,8.6,8.6,8.6,8.6,9.2,9.7,10.1,10.1,9.6,9.0,8.4,7.9,7.2,6.3,5.5,5.1,5.0,5.0,5.0,5.0,5.0,5.0,5.0,5.0,5.0
Latin America & the Caribbean (IDA & IBRD countries),TLA,,,,,,,,,,,,,,,,,,,,,,,,,,,,,,,,15.1669837002,14.5696426203,14.3728416595,14.0085648435,13.6615762552,13.4493910297,13.3048946167,13.2790245956,13.052641364,12.6212800688,11.9602515717,11.2323808229,10.6490763894,10.0338646045,9.49159927636,9.14627582644,8.78164370165,8.49407187618,8.35663613156,8.24166895447,8.04909112662,7.84309427706,7.67727142568,7.54433699729,7.43431843947
Timor-Leste,TLS,,,,,,,,,,,,,,,,,,,,,,,,,,,,,,,,45.2,40.7,38.5,35.5,35.3,36.2,39.2,41.8,44.1,43.9,41.6,38.1,35.0,33.8,33.8,34.0,33.7,33.1,32.6,32.1,31.2,30.2,29.0,27.9,26.9
Middle East & North Africa (IDA & IBRD countries),TMN,,,,,,,,,,,,,,,,,,,,,,,,,,,,,,,,7.33065220236,7.8658411694,8.09068082226,8.61056711536,8.87641021131,9.1456901765,9.33612659252,9.46782945331,9.44290670204,9.36147623651,9.32917680626,9.42934591566,9.53266526555,9.5995477089,9.59362654424,9.63868763649,9.5629885747,9.50095228664,9.34310523781,9.18241590067,9.01216751944,8.85270499257,8.77951304774,8.63550526093,8.61151679851
Tonga,TON,,,,,,,,,,,,,,,,,,,,,,,,,,,,,,,,,,,,,,,,,,,,,,,,,,,,,,,,
South Asia (IDA & IBRD),TSA,,,,,,,,,,,,,,,,,,,,,,,,,,,,,,,,24.8399840332,23.8825109163,24.0898134173,24.0013127559,23.6078478091,22.6732573275,21.4839709557,20.2557532209,19.3468950225,18.7893604272,19.0568907926,19.8893252645,20.8603718371,21.4230250981,21.4333676601,20.7048233723,19.3600875727,17.9429390554,17.0995311674,16.6615445418,16.5795375325,16.4279728896,16.4304925265,16.3386322973,16.2318854775
Sub-Saharan Africa (IDA & IBRD countries),TSS,,,,,,,,,,,,,,,,,,,,,,,,,,,,,,,,33.3744971495,32.819379002,32.4762491764,32.1670756195,31.541107339,30.8784113812,30.1411773339,29.5143693199,28.7349445843,27.9700749383,27.2946788972,26.7475598069,26.1256625305,25.2550815029,24.2237782845,23.1405549184,22.294092417,21.6697443119,21.1258476641,20.4933995302,19.8788849254,19.3559646872,19.019596501,18.7745989844,18.5466960487
Trinidad and Tobago,TTO,,,,,,,,,,,,,,,,,,,,,,,,,,,,,,,,12.6,13.2,14.7,15.5,15.8,15.3,14.7,14.4,13.8,13.0,11.9,11.3,11.3,11.8,12.0,11.7,11.2,10.7,10.4,10.2,9.9,9.3,8.7,8.0,7.4
Tunisia,TUN,,,,,,,,,,,,,,,,,,,,,,,,,,,,,,,,5.0,5.0,5.0,5.0,5.0,5.0,5.0,5.0,5.0,5.0,5.0,5.0,5.0,5.0,5.0,5.0,5.0,5.0,5.0,5.0,5.0,5.0,5.0,5.0,5.0
Turkey,TUR,,,,,,,,,,,,,,,,,,,,,,,,,,,,,,,,5.0,5.0,5.0,5.0,5.0,5.0,5.0,5.0,5.0,5.0,5.0,5.0,5.0,5.0,5.0,5.0,5.0,5.0,5.0,5.0,5.0,5.0,5.0,5.0,5.0
Tuvalu,TUV,,,,,,,,,,,,,,,,,,,,,,,,,,,,,,,,,,,,,,,,,,,,,,,,,,,,,,,,
Tanzania,TZA,,,,,,,,,,,,,,,,,,,,,,,,,,,,,,,,24.2,24.8,27.1,29.6,32.1,34.5,35.6,36.3,36.3,36.8,37.1,37.8,37.7,37.7,36.7,35.4,34.2,33.8,34.5,34.7,34.7,33.4,32.7,32.1,32.1
Uganda,UGA,,,,,,,,,,,,,,,,,,,,,,,,,,,,,,,,23.2,24.4,25.0,25.5,26.4,27.9,29.4,30.0,29.1,28.4,28.1,27.2,25.3,22.9,21.9,22.3,23.7,24.8,25.3,25.1,24.8,24.8,25.0,25.3,25.5
Ukraine,UKR,,,,,,,,,,,,,,,,,,,,,,,,,,,,,,,,,,,,,,,,,,,,,,,,,,,,,,,,
Upper middle income,UMC,,,,,,,,,,,,,,,,,,,,,,,,,,,,,,,,19.6549014782,19.9092873659,19.1866774046,18.2565975956,16.9532915603,15.8579274837,15.1776145859,14.6790999068,14.3190042649,13.9822202151,13.6704800714,13.4065334161,13.2254652617,12.9566271329,12.6345946898,12.3222368088,11.8970586459,11.3876148441,10.8511657189,10.3275105718,9.7851804339,9.30639652192,8.89336256032,8.46856005811,8.12136069341
Uruguay,URY,,,,,,,,,,,,,,,,,,,,,,,,,,,,,,,,8.6,6.4,5.8,5.1,5.0,5.3,5.2,5.0,5.0,5.0,5.0,5.0,5.0,5.0,5.0,5.0,5.0,5.0,5.0,5.0,5.0,5.0,5.0,5.0,5.0
United States,USA,,,,,,,,,,,,,,,,,,,,,,,,,,,,,,,,,,,,,,,,,,,,,,,,,,,,,,,,
Uzbekistan,UZB,,,,,,,,,,,,,,,,,,,,,,,,,,,,,,,,5.0,5.0,5.0,5.0,5.0,5.0,5.9,7.3,9.1,11.5,14.4,16.8,17.7,16.7,14.7,12.4,10.5,9.4,8.9,8.5,7.7,6.6,5.5,5.0,5.0
St. Vincent and the Grenadines,VCT,,,,,,,,,,,,,,,,,,,,,,,,,,,,,,,,20.7,20.1,20.2,20.1,21.6,23.0,23.9,23.1,21.1,18.9,16.8,15.0,13.0,11.3,10.0,9.2,8.5,7.9,7.3,6.8,6.4,6.3,6.3,6.4,6.2
"Venezuela, RB",VEN,,,,,,,,,,,,,,,,,,,,,,,,,,,,,,,,14.1,13.2,13.2,13.9,14.8,16.0,17.2,18.5,18.1,16.6,15.3,15.1,15.3,13.8,11.7,9.0,6.8,5.0,5.0,5.0,5.0,5.0,5.0,5.0,5.0
British Virgin Islands,VGB,,,,,,,,,,,,,,,,,,,,,,,,,,,,,,,,,,,,,,,,,,,,,,,,,,,,,,,,
Virgin Islands (U.S.),VIR,,,,,,,,,,,,,,,,,,,,,,,,,,,,,,,,,,,,,,,,,,,,,,,,,,,,,,,,
Vietnam,VNM,,,,,,,,,,,,,,,,,,,,,,,,,,,,,,,,45.6,44.8,41.3,37.9,35.4,35.0,35.0,34.1,31.3,28.1,25.4,23.3,21.4,19.9,19.0,18.5,17.8,16.8,15.6,14.5,13.6,13.0,12.5,11.8,11.0
Vanuatu,VUT,,,,,,,,,,,,,,,,,,,,,,,,,,,,,,,,11.2,11.6,11.9,12.2,12.0,11.3,10.1,9.1,8.3,8.1,8.2,8.3,8.2,7.8,7.4,7.0,6.5,6.1,5.9,6.0,6.1,6.3,6.4,6.4,6.4
World,WLD,,,,,,,,,,,,,,,,,,,,,,,,,,,,,,,,18.6,18.5,18.2,17.8,17.2,16.6,16.1,15.7,15.3,15.0,14.9,15.0,15.1,15.0,14.7,14.3,13.7,13.0,12.5,12.1,11.8,11.4,11.2,11.0,10.8
Samoa,WSM,,,,,,,,,,,,,,,,,,,,,,,,,,,,,,,,10.7,12.0,13.9,15.3,15.2,13.8,12.1,10.4,8.4,6.6,5.2,5.0,5.0,5.0,5.0,5.0,5.0,5.0,5.0,5.0,5.0,5.0,5.0,5.0,5.0
Kosovo,XKX,,,,,,,,,,,,,,,,,,,,,,,,,,,,,,,,,,,,,,,,,,,,,,,,,,,,,,,,
"Yemen, Rep.",YEM,,,,,,,,,,,,,,,,,,,,,,,,,,,,,,,,28.9,28.6,27.9,28.3,29.3,30.3,30.8,30.7,30.1,29.6,29.4,30.0,30.5,30.9,30.6,29.7,28.5,27.7,27.3,27.0,26.3,25.8,25.7,25.9,26.1
South Africa,ZAF,,,,,,,,,,,,,,,,,,,,,,,,,,,,,,,,5.0,5.0,5.0,5.1,5.2,5.4,5.6,5.5,5.3,5.0,5.0,5.0,5.0,5.0,5.0,5.0,5.0,5.0,5.0,5.0,5.0,5.0,5.0,5.0,5.0
Zambia,ZMB,,,,,,,,,,,,,,,,,,,,,,,,,,,,,,,,33.8,34.9,35.2,35.3,34.3,34.2,35.6,38.1,40.7,42.9,45.4,47.1,48.2,48.5,49.4,50.7,52.5,53.5,53.1,51.7,50.3,49.4,48.8,48.4,47.8
Zimbabwe,ZWE,,,,,,,,,,,,,,,,,,,,,,,,,,,,,,,,42.7,44.4,45.1,46.1,46.3,45.8,44.7,43.8,43.6,43.7,43.7,43.2,42.8,42.5,41.6,40.4,38.6,37.3,36.0,34.7,33.5,33.2,33.5,34.0,33.4
